agent,line,section,ncells,verdict,first,second,verify,attack,concl,full
A,32,1. 角度 1：Character Growth,6,CLEAN_AFTER_ATTACK,1 晴香,N1,`haruka` L295 摘要：熱可可係「假幸福」嘅安全閥；L81 摘要：不對稱要到創造者真相揭露後先形成，唔係 Act I 開頭；`BS` Beat 0d L156／L158 摘要：首戰後一晚有消化,攻擊：「努力正常」＝刻意壓抑＝Act II 才有嘅不對稱。結果：L295 已將熱可可定位為安全閥，Beat 0d 本身有消化日常；N1 係安全閥出現而非面具定型，攻唔入,CLEAN_AFTER_ATTACK,| 1 晴香 | N1 | 熱可可儀式＋「努力正常」係咪令晴香一開場就跳到「已建面具」嘅 Act II 狀態？ | `haruka` L295 摘要：熱可可係「假幸福」嘅安全閥；L81 摘要：不對稱要到創造者真相揭露後先形成，唔係 Act I 開頭；`BS` Beat 0d L156／L158 摘要：首戰後一晚有消化 | 攻擊：「努力正常」＝刻意壓抑＝Act II 才有嘅不對稱。結果：L295 已將熱可可定位為安全閥，Beat 0d 本身有消化日常；N1 係安全閥出現而非面具定型，攻唔入 | CLEAN_AFTER_ATTACK |
A,33,1. 角度 1：Character Growth,6,FINDING,1 晴香,N2,`haruka` L75／L79（CDL-355）；`Matrix` L47（AC）；CDL-381,攻擊：晴香主動隱藏恐懼＝面具。結果：canon md 內部兩邊都有 AC／CDL 支持（壓住驚≠硬化面具），Beat 無越界；但語意張力屬 canon 內部,FINDING（NOTE，見 F9）,| 1 晴香 | N2 | 「唔主動講驚、被身體出賣」同 Act I「無面具、善意真誠」撞唔撞？ | `haruka` L75／L79（CDL-355）；`Matrix` L47（AC）；CDL-381 | 攻擊：晴香主動隱藏恐懼＝面具。結果：canon md 內部兩邊都有 AC／CDL 支持（壓住驚≠硬化面具），Beat 無越界；但語意張力屬 canon 內部 | FINDING（NOTE，見 F9） |
A,34,1. 角度 1：Character Growth,6,CLEAN_AFTER_ATTACK,1 晴香,N3–N4,`haruka` L232 摘要：Act I Savior fully on；`BS` Beat 1 晴香欄（輸入包引：「全盤接受」）,攻擊：過快接受＝Act II 先應有嘅盲目。結果：L232 規定 Act I 已全開，過快接受係 canon 要求，攻唔入,CLEAN_AFTER_ATTACK,| 1 晴香 | N3–N4 | 「接受得過快」係咪令 Savior 過早到頂？ | `haruka` L232 摘要：Act I Savior fully on；`BS` Beat 1 晴香欄（輸入包引：「全盤接受」） | 攻擊：過快接受＝Act II 先應有嘅盲目。結果：L232 規定 Act I 已全開，過快接受係 canon 要求，攻唔入 | CLEAN_AFTER_ATTACK |
A,35,1. 角度 1：Character Growth,6,NOT_APPLICABLE,1 美夜子,N1,Beat 表 N1：「夜·獨處：晴香回家做熱可可儀式」,N1 全場只有晴香；美夜子冇出場、冇被提及,NOT_APPLICABLE,| 1 美夜子 | N1 | 美夜子喺 N1 有冇成長位置？ | Beat 表 N1：「夜·獨處：晴香回家做熱可可儀式」 | N1 全場只有晴香；美夜子冇出場、冇被提及 | NOT_APPLICABLE |
A,36,1. 角度 1：Character Growth,6,FINDING,1 美夜子,N2,`miyako` L178（CDL-083）摘要：E-02 首戰先有嘅非功利保護動作；`miyako` L282（habit #14）摘要：扮唔理、暗地執手尾,攻擊：N2 先擋風，B2 嘅「首次」就唔再係首次；而且 habit #14 係「事後唔認」型，N2 嘅擋風係即場功能性，類型唔同。攻擊成立（輕微）,FINDING（NOTE，見 F7）,| 1 美夜子 | N2 | 「選避風位／順手擋風（optional）」係咪搶咗 B2 嘅「第一次」？ | `miyako` L178（CDL-083）摘要：E-02 首戰先有嘅非功利保護動作；`miyako` L282（habit #14）摘要：扮唔理、暗地執手尾 | 攻擊：N2 先擋風，B2 嘅「首次」就唔再係首次；而且 habit #14 係「事後唔認」型，N2 嘅擋風係即場功能性，類型唔同。攻擊成立（輕微） | FINDING（NOTE，見 F7） |
A,37,1. 角度 1：Character Growth,6,FINDING,1 美夜子,N3–N4,`miyako` L176（CDL-060）；Tracker L44 摘要；CDL-054（「望謊言為真」一半）,攻擊：Beat 只寫「揀講／唔講」，冇載體顯示佢「想謊言係真」嗰半。一半有載體（回避），一半冇,FINDING（NOTE，見 F11）,| 1 美夜子 | N3–N4 | 半真半假講使命，Act I 底層心理（「大腦講…」）有冇載體？ | `miyako` L176（CDL-060）；Tracker L44 摘要；CDL-054（「望謊言為真」一半） | 攻擊：Beat 只寫「揀講／唔講」，冇載體顯示佢「想謊言係真」嗰半。一半有載體（回避），一半冇 | FINDING（NOTE，見 F11） |
A,38,1. 角度 1：Character Growth,6,NOT_APPLICABLE,1 操,N1–N4,Beat 表 N1–N4 全部冇操；B5 先「操從高處介入」,範圍內操全程未登場,NOT_APPLICABLE,| 1 操 | N1–N4 | 操喺 SEQ2 有冇成長位置？ | Beat 表 N1–N4 全部冇操；B5 先「操從高處介入」 | 範圍內操全程未登場 | NOT_APPLICABLE |
A,39,1. 角度 1：Character Growth,6,FINDING,1 晴香,B1–B4,CDL-083；`BS` Beat 2 L283（turn）；`haruka` L77／L79,攻擊：晴香「照字面接受」可能被讀成佢已經識得假裝唔知。結果：Beat 寫「唔追問」而冇寫「晴香察覺」，因此仍可讀作純善意；但 CDL-083 嘅「若有所感」冇可見載體,FINDING（NOTE，見 F8）,| 1 晴香 | B1–B4 | B2「照字面接受藉口」、B4「察覺冇問、照樣答應」係咪同 Act I 純善意一致，定係「自願唔問」過早？ | CDL-083；`BS` Beat 2 L283（turn）；`haruka` L77／L79 | 攻擊：晴香「照字面接受」可能被讀成佢已經識得假裝唔知。結果：Beat 寫「唔追問」而冇寫「晴香察覺」，因此仍可讀作純善意；但 CDL-083 嘅「若有所感」冇可見載體 | FINDING（NOTE，見 F8） |
A,40,1. 角度 1：Character Growth,6,CLEAN_AFTER_ATTACK,1 晴香,B6b–B7,CDL-050／053（`CANON_DECISION_LOG` L143、L147）；`haruka` L232,攻擊：衝去係「驚」被克服嘅假改變。結果：Beat 冇寫佢驚完；B9／M1 仍手震；Tracker L27 嘅「錯誤改變觸發」冇被觸碰，攻唔入,CLEAN_AFTER_ATTACK,| 1 晴香 | B6b–B7 | 本能衝去、用身體擋、笑問裙子，係咪 Act I 嘅 Savior 本色？ | CDL-050／053（`CANON_DECISION_LOG` L143、L147）；`haruka` L232 | 攻擊：衝去係「驚」被克服嘅假改變。結果：Beat 冇寫佢驚完；B9／M1 仍手震；Tracker L27 嘅「錯誤改變觸發」冇被觸碰，攻唔入 | CLEAN_AFTER_ATTACK |
A,41,1. 角度 1：Character Growth,6,FINDING,1 晴香,B9–B10,CDL-073；`BS` L790 摘要：戰後安全區歡呼求簽名；`haruka` L289／L291（CDL-357，貼膠布式觸碰、避開自己 UI 圖示）,攻擊：歡呼＋簽名正好餵養 Savior，卻冇對應「避開 UI 圖示」嘅預埋。結果：預埋本身唔係必須（UI-vision 唔在 demo 範圍）,FINDING（NOTE，F10；Beat 不改亦可，作者定）,| 1 晴香 | B9–B10 | UI 手震／葡萄糖槍預埋、人群歡呼：晴香喺 Act I 嘅「Savior」被外部驗證係咪過度？ | CDL-073；`BS` L790 摘要：戰後安全區歡呼求簽名；`haruka` L289／L291（CDL-357，貼膠布式觸碰、避開自己 UI 圖示） | 攻擊：歡呼＋簽名正好餵養 Savior，卻冇對應「避開 UI 圖示」嘅預埋。結果：預埋本身唔係必須（UI-vision 唔在 demo 範圍） | FINDING（NOTE，F10；Beat 不改亦可，作者定） |
A,42,1. 角度 1：Character Growth,6,CLEAN_AFTER_ATTACK,1 美夜子,B2,`miyako` L278（habit #13 咬嘴唇，跨形態）；`OL` L242,攻擊：咬唇係 Beat 作者自加。結果：L278 同 OL L242 皆有；攻唔入,CLEAN_AFTER_ATTACK,| 1 美夜子 | B2 | 咬唇＋功利藉口係咪對應 habit #13？ | `miyako` L278（habit #13 咬嘴唇，跨形態）；`OL` L242 | 攻擊：咬唇係 Beat 作者自加。結果：L278 同 OL L242 皆有；攻唔入 | CLEAN_AFTER_ATTACK |
A,43,1. 角度 1：Character Growth,6,CLEAN_AFTER_ATTACK,1 美夜子,B3–B4,`miyako` L182（CDL-084）；L176（CDL-060）,攻擊：猶豫過多＝美夜子已軟化，過早。結果：Beat 只寫「一瞬」；CDL-084 本身要求「帶猶豫」；攻唔入,CLEAN_AFTER_ATTACK,| 1 美夜子 | B3–B4 | 提出連結＋一瞬猶豫＋凜信息一句，同 Act I「功利底色」同「凜信息極簡帶猶豫」有冇撞？ | `miyako` L182（CDL-084）；L176（CDL-060） | 攻擊：猶豫過多＝美夜子已軟化，過早。結果：Beat 只寫「一瞬」；CDL-084 本身要求「帶猶豫」；攻唔入 | CLEAN_AFTER_ATTACK |
A,44,1. 角度 1：Character Growth,6,FINDING,1 美夜子,B5–B10,Tracker L49 摘要；OL L136 摘要；`miyako` L196（CDL-191 軟接觸只喺 Act II）,Beat 表 B5–B10 完全冇美夜子行為；B10 暖收束冇指明誰喺暖裡面。連結後無回彈 ＋ 暖收束＝提早做咗 Act II 先有嘅軟化,FINDING（SHOULD_FIX，見 F3）,| 1 美夜子 | B5–B10 | 連結後美夜子有冇「推開」晴香嘅回彈？ | Tracker L49 摘要；OL L136 摘要；`miyako` L196（CDL-191 軟接觸只喺 Act II） | Beat 表 B5–B10 完全冇美夜子行為；B10 暖收束冇指明誰喺暖裡面。連結後無回彈 ＋ 暖收束＝提早做咗 Act II 先有嘅軟化 | FINDING（SHOULD_FIX，見 F3） |
A,45,1. 角度 1：Character Growth,6,CLEAN_AFTER_ATTACK,1 操,B5–B6,`misao` L249（CDL-063）、L250（CDL-064）、L251（CDL-065）,攻擊：操獨自受困被寫成英勇，違反「機械式形式主義」。結果：B5「冇得唔打」、B6 屬陷阱而非自願犧牲，同 L249–250 一致；攻唔入,CLEAN_AFTER_ATTACK,| 1 操 | B5–B6 | 燈塔效應「冇得唔打」係咪對應 Act I 形式主義悲劇？ | `misao` L249（CDL-063）、L250（CDL-064）、L251（CDL-065） | 攻擊：操獨自受困被寫成英勇，違反「機械式形式主義」。結果：B5「冇得唔打」、B6 屬陷阱而非自願犧牲，同 L249–250 一致；攻唔入 | CLEAN_AFTER_ATTACK |
A,46,1. 角度 1：Character Growth,6,FINDING,1 操,B7b–B8,`misao` L256（CDL-322）；`BS` L283（「因被在乎而選擇留低」）、L284（「守恆代價尚未顯現」）；Tracker L70／L72 摘要,攻擊：B8 係 canon 指定嘅 turn（留低），並非過早。成立嘅部分係 B7b 嘅 CDL-322 種子欠缺觸發（路人感謝），見 F6,FINDING（NOTE，F6）,| 1 操 | B7b–B8 | 順手救路人、震驚後傲嬌入隊：成長位置係咪過早？ | `misao` L256（CDL-322）；`BS` L283（「因被在乎而選擇留低」）、L284（「守恆代價尚未顯現」）；Tracker L70／L72 摘要 | 攻擊：B8 係 canon 指定嘅 turn（留低），並非過早。成立嘅部分係 B7b 嘅 CDL-322 種子欠缺觸發（路人感謝），見 F6 | FINDING（NOTE，F6） |
A,47,1. 角度 1：Character Growth,6,FINDING,1 操,B9–B10,`misao` L46–60（核心恐懼）；`Matrix` L127,攻擊：群眾見證≠個人見證；操嘅恐懼係「被看穿」，歡呼係「被讚」，兩者唔同。Beat 未講歡呼落邊個視線,FINDING（NOTE，見 F5）,| 1 操 | B9–B10 | 人群歡呼對操嘅 Lie（形式／價值＝被看見先值得存在）係咪太快餵飽？ | `misao` L46–60（核心恐懼）；`Matrix` L127 | 攻擊：群眾見證≠個人見證；操嘅恐懼係「被看穿」，歡呼係「被讚」，兩者唔同。Beat 未講歡呼落邊個視線 | FINDING（NOTE，見 F5） |
A,48,1. 角度 1：Character Growth,6,CLEAN_AFTER_ATTACK,1 晴香,M1／M3,CDL-141（`CANON_DECISION_LOG` L254）,攻擊：「肚子叫差點暴露」係搞笑工具、非成長。結果：資源驅動（M1 槍耗盡）符合 Cost Signal；晴香唔需要成長 beat,CLEAN_AFTER_ATTACK,| 1 晴香 | M1／M3 | 低血糖＋肚子叫，係咪資源驅動？ | CDL-141（`CANON_DECISION_LOG` L254） | 攻擊：「肚子叫差點暴露」係搞笑工具、非成長。結果：資源驅動（M1 槍耗盡）符合 Cost Signal；晴香唔需要成長 beat | CLEAN_AFTER_ATTACK |
A,49,1. 角度 1：Character Growth,6,FINDING,1 美夜子,M2／M4,`miyako` L196（CDL-191）、L198（CDL-337 忠誠階梯，專屬信任圈）；L282 habit #14；`OL` L174（「四人關係未熟」）,攻擊：「有共同秘密嘅三人夥伴」＝美夜子已入圈。成立：canon 規定此刻仍係圈邊；M2 提議可視為功能性（貓冇身體需求），但 M4 結果標籤同 B10 暖收束疊加,FINDING（SHOULD_FIX，並入 F3）,| 1 美夜子 | M2／M4 | 美夜子「開路提議」＋三人夥伴結果，係咪提早 CDL-191？ | `miyako` L196（CDL-191）、L198（CDL-337 忠誠階梯，專屬信任圈）；L282 habit #14；`OL` L174（「四人關係未熟」） | 攻擊：「有共同秘密嘅三人夥伴」＝美夜子已入圈。成立：canon 規定此刻仍係圈邊；M2 提議可視為功能性（貓冇身體需求），但 M4 結果標籤同 B10 暖收束疊加 | FINDING（SHOULD_FIX，並入 F3） |
A,50,1. 角度 1：Character Growth,6,FINDING,1 操,M2,`BS` L283（B8 已「選擇留低」）、L782（「臨時指導」）；Tracker L70／L72；`misao` L263（CDL-322 Phase D 先係首次主動幫人）,攻擊：同 B8 重複，又撞「臨時指導」嘅被動設定，同 M1 嘅被迫補給（Cost Signal）矛盾。攻擊成立,FINDING（SHOULD_FIX，見 F2）,| 1 操 | M2 | 「操嫌但自己選擇留低（入隊後第一次主動）」成長位置？ | `BS` L283（B8 已「選擇留低」）、L782（「臨時指導」）；Tracker L70／L72；`misao` L263（CDL-322 Phase D 先係首次主動幫人） | 攻擊：同 B8 重複，又撞「臨時指導」嘅被動設定，同 M1 嘅被迫補給（Cost Signal）矛盾。攻擊成立 | FINDING（SHOULD_FIX，見 F2） |
A,51,1. 角度 1：Character Growth,6,FINDING,1 操,M3,`misao` L376（OCD 表：Act I 觸發「任何未被告知的接觸」，可見度「不可見（完美偽裝）」）,同角度 13 一併處理；成長上，Act I 操應該「完美遮蓋」而唔係「被迫適應」,FINDING（SHOULD_FIX，見 F4，詳角度 13）,| 1 操 | M3 | 被迫貼近晴香，成長位置？ | `misao` L376（OCD 表：Act I 觸發「任何未被告知的接觸」，可見度「不可見（完美偽裝）」） | 同角度 13 一併處理；成長上，Act I 操應該「完美遮蓋」而唔係「被迫適應」 | FINDING（SHOULD_FIX，見 F4，詳角度 13） |
A,52,1. 角度 1：Character Growth,6,CLEAN_AFTER_ATTACK,1 操,M4,CDL-141（L254）；`OL` 埋伏表；`misao` L315（habit #7 seamstress）,攻擊：虛榮種子唔係 canon 所有。結果：CDL-141 同 OL 埋伏表有；且「極輕」同 Act I 底色相符；攻唔入,CLEAN_AFTER_ATTACK,| 1 操 | M4 | 「堅持佈置得好睇（極輕虛榮種子）」係咪對應 CDL-141 埋伏？ | CDL-141（L254）；`OL` 埋伏表；`misao` L315（habit #7 seamstress） | 攻擊：虛榮種子唔係 canon 所有。結果：CDL-141 同 OL 埋伏表有；且「極輕」同 Act I 底色相符；攻唔入 | CLEAN_AFTER_ATTACK |
A,53,1. 角度 1：Character Growth,6,NOT_APPLICABLE,1 晴香,H1,Beat 表 H1：「三人散場／晴香同美夜子離開後」「晴香、美夜子不知」,晴香已離場且不知情；無行為可審,NOT_APPLICABLE,| 1 晴香 | H1 | 晴香喺尾鉤有冇成長位置？ | Beat 表 H1：「三人散場／晴香同美夜子離開後」「晴香、美夜子不知」 | 晴香已離場且不知情；無行為可審 | NOT_APPLICABLE |
A,54,1. 角度 1：Character Growth,6,NOT_APPLICABLE,1 美夜子,H1,Beat 表 H1 同上,美夜子已離場且不知情,NOT_APPLICABLE,| 1 美夜子 | H1 | 同上 | Beat 表 H1 同上 | 美夜子已離場且不知情 | NOT_APPLICABLE |
A,55,1. 角度 1：Character Growth,6,FINDING,1 操,H1,`misao` L288–292（CDL-233 Stage 1 Act II Phase A–B；Stage 2a E-09a 牙跌／鬆並被縫返）；`ACT_II_OUTLINE` L192、L285；Brief L9321–9328（Scene 47 Act I 牙跌）；`misao` L319（CDL-390 連獨處都冇安全感）,攻擊：H1 提早兩步。成立：Stage 1「首個跡象」嘅模糊性、Stage 2a「縫返」嘅意義、Stage 3 揭露全部受影響；「收埋」≠「縫返」。行為本身（獨處仍表演）符合 CDL-390，所以問題只係時序,FINDING（SHOULD_FIX，見 F1）,| 1 操 | H1 | 首戰後一晚獨處牙跌，Act I 成長位置是否過早？ | `misao` L288–292（CDL-233 Stage 1 Act II Phase A–B；Stage 2a E-09a 牙跌／鬆並被縫返）；`ACT_II_OUTLINE` L192、L285；Brief L9321–9328（Scene 47 Act I 牙跌）；`misao` L319（CDL-390 連獨處都冇安全感） | 攻擊：H1 提早兩步。成立：Stage 1「首個跡象」嘅模糊性、Stage 2a「縫返」嘅意義、Stage 3 揭露全部受影響；「收埋」≠「縫返」。行為本身（獨處仍表演）符合 CDL-390，所以問題只係時序 | FINDING（SHOULD_FIX，見 F1） |
A,92,2. 角度 2：Relationship Dynamics,6,CLEAN_AFTER_ATTACK,2 晴香↔美夜子,N2,Beat 表 N2；`miyako` L176（CDL-060 Act I 底層）；Tracker L44 摘要,攻擊：「冷、功能性」＋「順手擋風」兩個信號打架（冷 vs 護）。結果：「口否認、身體守」正正係 habit #14 型，只係 N2 嘅時序偏早（F7）；權力位置本身一致,CLEAN_AFTER_ATTACK（時序問題已記 F7）,| 2 晴香↔美夜子 | N2 | 到場時兩人權力位置：美夜子高處／功能性、晴香帶驚赴約，係咪建立「指揮者／服從者」而唔係「已有依附」？ | Beat 表 N2；`miyako` L176（CDL-060 Act I 底層）；Tracker L44 摘要 | 攻擊：「冷、功能性」＋「順手擋風」兩個信號打架（冷 vs 護）。結果：「口否認、身體守」正正係 habit #14 型，只係 N2 嘅時序偏早（F7）；權力位置本身一致 | CLEAN_AFTER_ATTACK（時序問題已記 F7） |
A,93,2. 角度 2：Relationship Dynamics,6,CLEAN_AFTER_ATTACK,2 晴香↔美夜子,N3–N4,CDL-055／095／054；Beat 表 N3：「共謀誤導唔講穿」,攻擊：不對稱只由美夜子單向持有，晴香嘅「追問」冇後果。結果：N4 嘅「接受得過快」令不對稱變成關係基礎，同 Act II 將要被拆嘅依附（Matrix 美夜子 L59–75 摘要）正好銜接；攻唔入,CLEAN_AFTER_ATTACK,| 2 晴香↔美夜子 | N3–N4 | 半真半假使命說明令兩人之間出現乜資訊不對稱？邊個有權力？ | CDL-055／095／054；Beat 表 N3：「共謀誤導唔講穿」 | 攻擊：不對稱只由美夜子單向持有，晴香嘅「追問」冇後果。結果：N4 嘅「接受得過快」令不對稱變成關係基礎，同 Act II 將要被拆嘅依附（Matrix 美夜子 L59–75 摘要）正好銜接；攻唔入 | CLEAN_AFTER_ATTACK |
A,94,2. 角度 2：Relationship Dynamics,6,NOT_APPLICABLE,2 晴香↔操／美夜子↔操,N1–N4,Beat 表 N1–N4：只有晴香／美夜子,操未登場；操相關兩條關係線喺 SEQ2 冇可審內容,NOT_APPLICABLE,| 2 晴香↔操／美夜子↔操 | N1–N4 | 三人關係喺 SEQ2 有冇進程？ | Beat 表 N1–N4：只有晴香／美夜子 | 操未登場；操相關兩條關係線喺 SEQ2 冇可審內容 | NOT_APPLICABLE |
A,95,2. 角度 2：Relationship Dynamics,6,CLEAN_AFTER_ATTACK,2 晴香↔美夜子,B2–B4,CDL-083（`miyako` L178）；CDL-084（L182）；`BS` Beat 2 L283,攻擊：「險中招→撲出→連結」係同一個外部觸發鏈（Cost Signal），無「角色突然覺得」。結果：因果鏈齊（屍骸→險中招→被迫反應→關係後果）；攻唔入,CLEAN_AFTER_ATTACK,| 2 晴香↔美夜子 | B2–B4 | 擋→藉口→連結：親密度由功能升到情緒連結，因果有冇支持？ | CDL-083（`miyako` L178）；CDL-084（L182）；`BS` Beat 2 L283 | 攻擊：「險中招→撲出→連結」係同一個外部觸發鏈（Cost Signal），無「角色突然覺得」。結果：因果鏈齊（屍骸→險中招→被迫反應→關係後果）；攻唔入 | CLEAN_AFTER_ATTACK |
A,96,2. 角度 2：Relationship Dynamics,6,FINDING,2 晴香↔美夜子,B5–B10,Tracker L49；`OL` L136；Beat 表 B5–B10,連結後兩人之間完全冇互動 beat；關係進程斷線，直接跳到 B10「暖」。唔係因果支持嘅親密度，係標籤嘅親密度,FINDING（SHOULD_FIX，並入 F3）,| 2 晴香↔美夜子 | B5–B10 | 連結後兩人權力／親密度有冇變化？ | Tracker L49；`OL` L136；Beat 表 B5–B10 | 連結後兩人之間完全冇互動 beat；關係進程斷線，直接跳到 B10「暖」。唔係因果支持嘅親密度，係標籤嘅親密度 | FINDING（SHOULD_FIX，並入 F3） |
A,97,2. 角度 2：Relationship Dynamics,6,NEEDS_AUTHOR,2 晴香↔操,B6b–B8,CDL-050（L143）、CDL-053（L147）；`misao` L253（CDL-337 摘要：操嘅形式主義偏向可靠）；`BS` L283,攻擊：操因「被救」而入隊＝欠債式入隊，同「因被在乎」嘅 L283 唔同。結果：Beat 寫「震驚」「傲嬌答應」，兩種讀法都通；NEEDS_AUTHOR 嘅部份係「欠債定被在乎」邊個係主因，canon L283 偏後者,NEEDS_AUTHOR,| 2 晴香↔操 | B6b–B8 | 晴香救操→操震驚→傲嬌入隊：權力同依附方向？ | CDL-050（L143）、CDL-053（L147）；`misao` L253（CDL-337 摘要：操嘅形式主義偏向可靠）；`BS` L283 | 攻擊：操因「被救」而入隊＝欠債式入隊，同「因被在乎」嘅 L283 唔同。結果：Beat 寫「震驚」「傲嬌答應」，兩種讀法都通；NEEDS_AUTHOR 嘅部份係「欠債定被在乎」邊個係主因，canon L283 偏後者 | NEEDS_AUTHOR |
A,98,2. 角度 2：Relationship Dynamics,6,FINDING,2 美夜子↔操,B5–B10,Beat 表 B5–B10：只寫「操」、「晴香」，無美夜子；`misao` L398–399 摘要（父親相關）；`miyako` L282,美夜子↔操呢條線喺 SEQ3a 完全空白；canon 無要求首戰就有，但亦無被放棄，唯有 M 組先有三人合照,FINDING（NOTE，並入 F3 空白）,| 2 美夜子↔操 | B5–B10 | 美夜子同操喺首戰有冇任何互動？（兩人係全劇關鍵二人組） | Beat 表 B5–B10：只寫「操」、「晴香」，無美夜子；`misao` L398–399 摘要（父親相關）；`miyako` L282 | 美夜子↔操呢條線喺 SEQ3a 完全空白；canon 無要求首戰就有，但亦無被放棄，唯有 M 組先有三人合照 | FINDING（NOTE，並入 F3 空白） |
A,99,2. 角度 2：Relationship Dynamics,6,FINDING,2 晴香↔操,B9–B10,CDL-073；`BS` L790,攻擊：歡呼可能將「操被晴香救」變成「晴香被群眾捧」。結果：Beat 未交代；歸入 F5,FINDING（NOTE，並入 F5）,| 2 晴香↔操 | B9–B10 | 戰後歡呼對兩人關係：歡呼係外部共享敵／共享光，定將兩人分開？ | CDL-073；`BS` L790 | 攻擊：歡呼可能將「操被晴香救」變成「晴香被群眾捧」。結果：Beat 未交代；歸入 F5 | FINDING（NOTE，並入 F5） |
A,100,2. 角度 2：Relationship Dynamics,6,FINDING,2 三人,M1–M2,CDL-141（L254）；Beat 表 M1「被迫要補給同據點」,攻擊：「操自己選擇留低」令 M1 嘅被迫斷咗鏈。結果：成立，並入 F2,FINDING（SHOULD_FIX，並入 F2）,| 2 三人 | M1–M2 | 戰後低血糖＋夜潛提議：關係由被迫（M1）過渡到提議（M2）有冇因果？ | CDL-141（L254）；Beat 表 M1「被迫要補給同據點」 | 攻擊：「操自己選擇留低」令 M1 嘅被迫斷咗鏈。結果：成立，並入 F2 | FINDING（SHOULD_FIX，並入 F2） |
A,101,2. 角度 2：Relationship Dynamics,6,CLEAN_AFTER_ATTACK,2 晴香↔操,M3,CDL-141；`misao` L376,攻擊：貼近由保安巡邏（外部隨機）引發，因果齊。但操反應受 OCD 觸發約束，見 F4,CLEAN_AFTER_ATTACK（行為層問題記 F4）,| 2 晴香↔操 | M3 | 被迫貼近：關係親密度升級有冇因果？ | CDL-141；`misao` L376 | 攻擊：貼近由保安巡邏（外部隨機）引發，因果齊。但操反應受 OCD 觸發約束，見 F4 | CLEAN_AFTER_ATTACK（行為層問題記 F4） |
A,102,2. 角度 2：Relationship Dynamics,6,FINDING,2 三人,M4,`OL` L174（「四人關係未熟」）；`miyako` L198；L196,攻擊：標籤等於 Act II 先有嘅圈內信任。結果：成立，見 F3,FINDING（SHOULD_FIX，並入 F3）,| 2 三人 | M4 | 「有共同秘密嘅三人夥伴」：結果標籤同 Act I 關係上限有冇撞？ | `OL` L174（「四人關係未熟」）；`miyako` L198；L196 | 攻擊：標籤等於 Act II 先有嘅圈內信任。結果：成立，見 F3 | FINDING（SHOULD_FIX，並入 F3） |
A,103,2. 角度 2：Relationship Dynamics,6,CLEAN_AFTER_ATTACK,2 操↔晴香／美夜子,H1,Beat 表 H1「晴香、美夜子不知」；`misao` L319（CDL-390）；L398–399（父親＝觀察者，對應 Act II+）,攻擊：不對稱令觀眾同操結盟、同其餘兩人拉開距離，可能令 M4 暖峰被「回頭望」污染。結果：作者決定「暖＋少少不安」正正係呢個效果，唔係問題；NEEDS_AUTHOR 無必要,CLEAN_AFTER_ATTACK,| 2 操↔晴香／美夜子 | H1 | 尾鉤對三人關係嘅影響：操收埋、其餘不知，製造咗乜新資訊不對稱？ | Beat 表 H1「晴香、美夜子不知」；`misao` L319（CDL-390）；L398–399（父親＝觀察者，對應 Act II+） | 攻擊：不對稱令觀眾同操結盟、同其餘兩人拉開距離，可能令 M4 暖峰被「回頭望」污染。結果：作者決定「暖＋少少不安」正正係呢個效果，唔係問題；NEEDS_AUTHOR 無必要 | CLEAN_AFTER_ATTACK |
A,115,13. 角度 13：Coping / Defense Mechanism,6,CLEAN_AFTER_ATTACK,13 晴香,N1,`haruka` L295（熱可可＝假幸福安全閥）；L292（強顏笑）,攻擊：N1 獨處場面無人可演，防衛應無對象。結果：L295 恰係獨處儀式，防衛對象係自己，成立,CLEAN_AFTER_ATTACK,| 13 晴香 | N1 | 熱可可＋「努力正常」係咪佢 canon 防衛方式？ | `haruka` L295（熱可可＝假幸福安全閥）；L292（強顏笑） | 攻擊：N1 獨處場面無人可演，防衛應無對象。結果：L295 恰係獨處儀式，防衛對象係自己，成立 | CLEAN_AFTER_ATTACK |
A,116,13. 角度 13：Coping / Defense Mechanism,6,FINDING,13 晴香,N2,`haruka` L321（過亮笑容＝說謊 tell）；L292；`Matrix` L47,攻擊：Beat 冇寫「過亮笑」，只寫「強行正常」，可能欠 tell 嘅載體。結果：「被身體／一句漏口出賣」已有 tell；唯一漏洞係未指定載體係笑；屬 F9 同一語意問題,FINDING（NOTE，並入 F9）,| 13 晴香 | N2 | 「唔主動講驚、被身體出賣」係咪同「過亮笑容係說謊 tell」一致？ | `haruka` L321（過亮笑容＝說謊 tell）；L292；`Matrix` L47 | 攻擊：Beat 冇寫「過亮笑」，只寫「強行正常」，可能欠 tell 嘅載體。結果：「被身體／一句漏口出賣」已有 tell；唯一漏洞係未指定載體係笑；屬 F9 同一語意問題 | FINDING（NOTE，並入 F9） |
A,117,13. 角度 13：Coping / Defense Mechanism,6,CLEAN_AFTER_ATTACK,13 晴香,N3–N4,`haruka` L232；L83（CDL-356 補償衝動）；L85（盲點）,攻擊：Beat 將「驚＋接受並存」寫成同一個反應，可能混淆兩種防衛。結果：Beat 已明寫「拯救者情結被希望命中」，對應 L83／L232，攻唔入,CLEAN_AFTER_ATTACK,| 13 晴香 | N3–N4 | 追問後接受：防衛係「接受＝逃避驚」，定「接受＝拯救者情結」？ | `haruka` L232；L83（CDL-356 補償衝動）；L85（盲點） | 攻擊：Beat 將「驚＋接受並存」寫成同一個反應，可能混淆兩種防衛。結果：Beat 已明寫「拯救者情結被希望命中」，對應 L83／L232，攻唔入 | CLEAN_AFTER_ATTACK |
A,118,13. 角度 13：Coping / Defense Mechanism,6,FINDING,13 美夜子,N2,`miyako` L282（habit #14：扮唔理，暗地執手尾）；L278（habit #13）,攻擊：N2 擋風係即場而非事後；防衛類型不吻合。成立（輕微）,FINDING（NOTE，並入 F7）,| 13 美夜子 | N2 | 「口否認、身體守」嘅防衛類型 | `miyako` L282（habit #14：扮唔理，暗地執手尾）；L278（habit #13） | 攻擊：N2 擋風係即場而非事後；防衛類型不吻合。成立（輕微） | FINDING（NOTE，並入 F7） |
A,119,13. 角度 13：Coping / Defense Mechanism,6,CLEAN_AFTER_ATTACK,13 美夜子,N3,`miyako` L176（CDL-060）；L200（CDL-408 底色）；CDL-055／095,攻擊：Beat 將「回避視線／位置」當載體，但 canon 底色係「功利包裝」多於「回避」，兩者唔同。結果：「揀講／唔講乜」＝功利式揀選，吻合；回避視線屬補充；攻唔入,CLEAN_AFTER_ATTACK,| 13 美夜子 | N3 | 半真半假講使命係咪功利包裝防衛？ | `miyako` L176（CDL-060）；L200（CDL-408 底色）；CDL-055／095 | 攻擊：Beat 將「回避視線／位置」當載體，但 canon 底色係「功利包裝」多於「回避」，兩者唔同。結果：「揀講／唔講乜」＝功利式揀選，吻合；回避視線屬補充；攻唔入 | CLEAN_AFTER_ATTACK |
A,120,13. 角度 13：Coping / Defense Mechanism,6,CLEAN_AFTER_ATTACK,13 美夜子,B2,`miyako` L278；L178（CDL-083）；`OL` L242,攻擊：咬唇暴露內心，同「功利包裝」矛盾。結果：L278 habit #13 跨形態通用，表示洩漏本來就係設計；攻唔入,CLEAN_AFTER_ATTACK,| 13 美夜子 | B2 | 咬唇＋功利藉口 | `miyako` L278；L178（CDL-083）；`OL` L242 | 攻擊：咬唇暴露內心，同「功利包裝」矛盾。結果：L278 habit #13 跨形態通用，表示洩漏本來就係設計；攻唔入 | CLEAN_AFTER_ATTACK |
A,121,13. 角度 13：Coping / Defense Mechanism,6,CLEAN_AFTER_ATTACK,13 美夜子,B3–B4,`miyako` L182（CDL-084）,攻擊：「一瞬猶豫」可能令「功利」防衛穿崩。結果：CDL-084 規定帶猶豫；攻唔入,CLEAN_AFTER_ATTACK,| 13 美夜子 | B3–B4 | 提出連結時嘅防衛：猶豫＋凜信息一句 | `miyako` L182（CDL-084） | 攻擊：「一瞬猶豫」可能令「功利」防衛穿崩。結果：CDL-084 規定帶猶豫；攻唔入 | CLEAN_AFTER_ATTACK |
A,122,13. 角度 13：Coping / Defense Mechanism,6,FINDING,13 美夜子,B5–B10／M2／M4,Beat 表 B5–B10、M2、M4 全無美夜子行為；`miyako` L282,攻擊：成立。連結後防衛無處展現，直接去到暖；見 F3,FINDING（SHOULD_FIX，並入 F3）,| 13 美夜子 | B5–B10／M2／M4 | 連結後嘅防衛有冇延續（habit #14：事後唔認）？ | Beat 表 B5–B10、M2、M4 全無美夜子行為；`miyako` L282 | 攻擊：成立。連結後防衛無處展現，直接去到暖；見 F3 | FINDING（SHOULD_FIX，並入 F3） |
A,123,13. 角度 13：Coping / Defense Mechanism,6,NOT_APPLICABLE,13 美夜子,H1,Beat 表 H1：「晴香、美夜子不知」,美夜子已離場且不知情；無防衛可審,NOT_APPLICABLE,| 13 美夜子 | H1 | 尾鉤 | Beat 表 H1：「晴香、美夜子不知」 | 美夜子已離場且不知情；無防衛可審 | NOT_APPLICABLE |
A,124,13. 角度 13：Coping / Defense Mechanism,6,NOT_APPLICABLE,13 操,N1–N4,Beat 表 N1–N4 無操,操未登場,NOT_APPLICABLE,| 13 操 | N1–N4 | SEQ2 操嘅防衛 | Beat 表 N1–N4 無操 | 操未登場 | NOT_APPLICABLE |
A,125,13. 角度 13：Coping / Defense Mechanism,6,CLEAN_AFTER_ATTACK,13 操,B5–B6,`misao` L249–250（CDL-063／064）；L317（habit #8 委屈式崩喊／公主病）,攻擊：中陷阱時操無任何委屈／崩喊表現，可能喪失 habit #8。結果：habit #8 屬較後期（缺愛暴露時），Act I 戰鬥層唔需要；攻唔入,CLEAN_AFTER_ATTACK,| 13 操 | B5–B6 | 獵殺屍骸＋中陷阱：形式主義防衛（用「冇得唔打」包裝）係咪保持？ | `misao` L249–250（CDL-063／064）；L317（habit #8 委屈式崩喊／公主病） | 攻擊：中陷阱時操無任何委屈／崩喊表現，可能喪失 habit #8。結果：habit #8 屬較後期（缺愛暴露時），Act I 戰鬥層唔需要；攻唔入 | CLEAN_AFTER_ATTACK |
A,126,13. 角度 13：Coping / Defense Mechanism,6,FINDING,13 操,B7b–B8,`misao` L256（CDL-322）；L376（觸發＝被觸碰／可見度＝不可見）,攻擊：「震驚」若外顯，違反「不可見（完美偽裝）」。結果：Beat 寫「操震驚」未指明外顯程度；若寫成全可見震驚＝撞；若寫成傲嬌包裝＝合。Beat 層留有空間但無約束,FINDING（NOTE，見 F12）,| 13 操 | B7b–B8 | 順手救人＋震驚＋傲嬌 | `misao` L256（CDL-322）；L376（觸發＝被觸碰／可見度＝不可見） | 攻擊：「震驚」若外顯，違反「不可見（完美偽裝）」。結果：Beat 寫「操震驚」未指明外顯程度；若寫成全可見震驚＝撞；若寫成傲嬌包裝＝合。Beat 層留有空間但無約束 | FINDING（NOTE，見 F12） |
A,127,13. 角度 13：Coping / Defense Mechanism,6,FINDING,13 操,B9–B10,`misao` L376；L319（CDL-390）,攻擊：Beat 把歡呼寫成純暖，無任何操嘅偽裝動作。成立：群眾圍觀正正係「被看」場景，canon 防衛（表演）應喺此處出現而非消失,FINDING（NOTE，並入 F5）,| 13 操 | B9–B10 | 戰後被群眾圍觀／簽名要求：操嘅表演（完美偽裝）係咪被觸發？ | `misao` L376；L319（CDL-390） | 攻擊：Beat 把歡呼寫成純暖，無任何操嘅偽裝動作。成立：群眾圍觀正正係「被看」場景，canon 防衛（表演）應喺此處出現而非消失 | FINDING（NOTE，並入 F5） |
A,128,13. 角度 13：Coping / Defense Mechanism,6,FINDING,13 操,M3,`misao` L376：Act I 觸發「任何未被告知的接觸」，可見度「不可見（完美偽裝）」,攻擊：成立。貼近＝觸發；若反應可見，違反 Act I「不可見」；若無反應，M3 嘅 beat 功能（被迫貼近）變空。canon 夾住兩邊,FINDING（SHOULD_FIX，見 F4）,| 13 操 | M3 | 被迫貼近晴香 | `misao` L376：Act I 觸發「任何未被告知的接觸」，可見度「不可見（完美偽裝）」 | 攻擊：成立。貼近＝觸發；若反應可見，違反 Act I「不可見」；若無反應，M3 嘅 beat 功能（被迫貼近）變空。canon 夾住兩邊 | FINDING（SHOULD_FIX，見 F4） |
A,129,13. 角度 13：Coping / Defense Mechanism,6,CLEAN_AFTER_ATTACK,13 操,M4,`misao` L315（habit #7）；CDL-141,攻擊：「虛榮」係防衛／表演嘅一種延伸，同「不可見」無衝突。成立（攻唔入）,CLEAN_AFTER_ATTACK,| 13 操 | M4 | 堅持佈置得好睇 | `misao` L315（habit #7）；CDL-141 | 攻擊：「虛榮」係防衛／表演嘅一種延伸，同「不可見」無衝突。成立（攻唔入） | CLEAN_AFTER_ATTACK |
A,130,13. 角度 13：Coping / Defense Mechanism,6,CLEAN_AFTER_ATTACK,13 操,H1,`misao` L319（CDL-390：連獨處都冇安全感）；L315（habit #7）；L288–292,攻擊：「獨處仍表演」會唔會過度？結果：CDL-390 正正規定唔止人前；收埋行為同 L315 habit #7 一致；問題只係時序（F1）,CLEAN_AFTER_ATTACK（時序問題已記 F1）,| 13 操 | H1 | 獨處牙跌→即時收埋、表面如常 | `misao` L319（CDL-390：連獨處都冇安全感）；L315（habit #7）；L288–292 | 攻擊：「獨處仍表演」會唔會過度？結果：CDL-390 正正規定唔止人前；收埋行為同 L315 habit #7 一致；問題只係時序（F1） | CLEAN_AFTER_ATTACK（時序問題已記 F1） |
A,131,13. 角度 13：Coping / Defense Mechanism,6,NOT_APPLICABLE,13 晴香／美夜子,H1,Beat 表 H1,兩人已離場且不知情,NOT_APPLICABLE,| 13 晴香／美夜子 | H1 | 同上 | Beat 表 H1 | 兩人已離場且不知情 | NOT_APPLICABLE |
A,132,13. 角度 13：Coping / Defense Mechanism,6,CLEAN_AFTER_ATTACK,13 晴香,B1–B10／M1–M4,`haruka` L292、L321；CDL-050（L143）,攻擊：B7「受擊後笑問裙子」可能係「過亮笑」被當戰鬥搞笑。結果：L321 本身指向呢類 tell；且同 B9／M1 手震形成對比；攻唔入,CLEAN_AFTER_ATTACK,| 13 晴香 | B1–B10／M1–M4 | 戰鬥中同戰後嘅防衛：晴香用笑／裙子笑話（B7）處理痛 | `haruka` L292、L321；CDL-050（L143） | 攻擊：B7「受擊後笑問裙子」可能係「過亮笑」被當戰鬥搞笑。結果：L321 本身指向呢類 tell；且同 B9／M1 手震形成對比；攻唔入 | CLEAN_AFTER_ATTACK |
A,150,14. 角度 14：Ideology / Value System,6,CLEAN_AFTER_ATTACK,14 晴香,N1,`Matrix` L47、L50；`haruka` L295,攻擊：N1 純獨處，欠一個價值衝突對象，變成只展示情緒。結果：價值排序（正常＞承認驚）可單人展示（強行正常即係排序）；攻唔入,CLEAN_AFTER_ATTACK,| 14 晴香 | N1 | 熱可可儀式反映「笑著面對＝能夠維持」定「停低就暴露無用」？ | `Matrix` L47、L50；`haruka` L295 | 攻擊：N1 純獨處，欠一個價值衝突對象，變成只展示情緒。結果：價值排序（正常＞承認驚）可單人展示（強行正常即係排序）；攻唔入 | CLEAN_AFTER_ATTACK |
A,151,14. 角度 14：Ideology / Value System,6,FINDING,14 晴香,N3–N4,`Matrix` L47；`haruka` L83（CDL-356 補償衝動）；CDL-053（L147）,攻擊：Beat 冇寫晴香「放棄咗乜」，只有「接受」。結果：價值排序要有犧牲先見；N4 嘅「驚同接受並存」只展示「驚」被壓過希望，未展示犧牲（日常／安全）。輕微空位,FINDING（NOTE，見 F13）,| 14 晴香 | N3–N4 | 「拯救＝被需要」被半真半假嘅使命命中；佢願意犧牲乜？ | `Matrix` L47；`haruka` L83（CDL-356 補償衝動）；CDL-053（L147） | 攻擊：Beat 冇寫晴香「放棄咗乜」，只有「接受」。結果：價值排序要有犧牲先見；N4 嘅「驚同接受並存」只展示「驚」被壓過希望，未展示犧牲（日常／安全）。輕微空位 | FINDING（NOTE，見 F13） |
A,152,14. 角度 14：Ideology / Value System,6,CLEAN_AFTER_ATTACK,14 美夜子,N3–N4,`Matrix` L66／L67；`miyako` L176、L210（CDL-354「有用先值得留低」）,攻擊：Beat 冇寫兩種排序真正交鋒，只寫美夜子單向回避；晴香唔追問＝冇碰撞。結果：碰撞可以係「唔講穿」；Beat 層用視線／位置回避去承載；成立,CLEAN_AFTER_ATTACK,| 14 美夜子 | N3–N4 | 「功能優先、情感是弱點」 vs 晴香嘅「連結有價值」，兩種排序有冇正面撞？ | `Matrix` L66／L67；`miyako` L176、L210（CDL-354「有用先值得留低」） | 攻擊：Beat 冇寫兩種排序真正交鋒，只寫美夜子單向回避；晴香唔追問＝冇碰撞。結果：碰撞可以係「唔講穿」；Beat 層用視線／位置回避去承載；成立 | CLEAN_AFTER_ATTACK |
A,153,14. 角度 14：Ideology / Value System,6,CLEAN_AFTER_ATTACK,14 美夜子,B3–B4,`Matrix` L66／L67；CDL-084（L182）；`miyako` L176,攻擊：Beat 將連結寫成功利手段（戰況不利→提出），價值同行為一致，無撞；但「一瞬猶豫」正係靈魂層（L67）嘅漏洞，同 canon 設計一致。攻唔入,CLEAN_AFTER_ATTACK,| 14 美夜子 | B3–B4 | 提出連結＝將「情感是弱點」嘅人用「情緒」作武器：價值同行為係咪撞？ | `Matrix` L66／L67；CDL-084（L182）；`miyako` L176 | 攻擊：Beat 將連結寫成功利手段（戰況不利→提出），價值同行為一致，無撞；但「一瞬猶豫」正係靈魂層（L67）嘅漏洞，同 canon 設計一致。攻唔入 | CLEAN_AFTER_ATTACK |
A,154,14. 角度 14：Ideology / Value System,6,FINDING,14 美夜子,B5–B10,Beat 表 B5–B10 無美夜子,攻擊：成立。連結後價值冇再被測試，Act I 最關鍵嘅「功能 vs 保護」排序全段缺席；並入 F3,FINDING（SHOULD_FIX，並入 F3）,| 14 美夜子 | B5–B10 | 連結後美夜子價值排序有冇被測試？（功能 vs 對晴香嘅真實投入） | Beat 表 B5–B10 無美夜子 | 攻擊：成立。連結後價值冇再被測試，Act I 最關鍵嘅「功能 vs 保護」排序全段缺席；並入 F3 | FINDING（SHOULD_FIX，並入 F3） |
A,155,14. 角度 14：Ideology / Value System,6,FINDING,14 操,B5,`Matrix` L126；`misao` L249（CDL-063）、L250（CDL-064）,攻擊：Beat 只寫「冇得唔打」（被動），欠「優雅／形式」嘅外顯，價值排序（形式＞效率）睇唔到。結果：成立，輕微：燈塔效應（L250）係迫打，但 L249 嘅形式主義悲劇係「儀式化執行」。Beat 層可只註明「形式化」嘅載體,FINDING（NOTE，見 F14）,| 14 操 | B5 | 「優雅消滅怪物、形式正確」價值排序喺獵殺中展示？ | `Matrix` L126；`misao` L249（CDL-063）、L250（CDL-064） | 攻擊：Beat 只寫「冇得唔打」（被動），欠「優雅／形式」嘅外顯，價值排序（形式＞效率）睇唔到。結果：成立，輕微：燈塔效應（L250）係迫打，但 L249 嘅形式主義悲劇係「儀式化執行」。Beat 層可只註明「形式化」嘅載體 | FINDING（NOTE，見 F14） |
A,156,14. 角度 14：Ideology / Value System,6,CLEAN_AFTER_ATTACK,14 操,B6,`misao` L249；CDL-065（L251）,攻擊：中陷阱令形式主義失效，係 canon 悲劇核心。結果：外部觸發＝屍骸伏擊，後果＝需要晴香救，形式主義被現實擊穿，正面支持 L249；攻唔入,CLEAN_AFTER_ATTACK,| 14 操 | B6 | 中陷阱：形式主義 vs 現實衝撞 | `misao` L249；CDL-065（L251） | 攻擊：中陷阱令形式主義失效，係 canon 悲劇核心。結果：外部觸發＝屍骸伏擊，後果＝需要晴香救，形式主義被現實擊穿，正面支持 L249；攻唔入 | CLEAN_AFTER_ATTACK |
A,157,14. 角度 14：Ideology / Value System,6,CLEAN_AFTER_ATTACK,14 操,B7b,`misao` L256（CDL-322）；`Matrix` L126／L127,攻擊：順手救人＝形式主義被破＝Act I 過早。結果：CDL-322 明確叫「E-02 意外救人＋多重解讀」，Beat 寫「非刻意」符合；攻唔入。但需要多重解讀留位,CLEAN_AFTER_ATTACK,| 14 操 | B7b | 順手救路人：價值排序「形式＞人」被打破？ | `misao` L256（CDL-322）；`Matrix` L126／L127 | 攻擊：順手救人＝形式主義被破＝Act I 過早。結果：CDL-322 明確叫「E-02 意外救人＋多重解讀」，Beat 寫「非刻意」符合；攻唔入。但需要多重解讀留位 | CLEAN_AFTER_ATTACK |
A,158,14. 角度 14：Ideology / Value System,6,NEEDS_AUTHOR,14 操,B8–B10／M2,`Matrix` L127（INFERRED）、L135（BK）；`misao` L46–60,攻擊：Beat 令操喺 B8 「被在乎」＋B9 「被歡呼」＋M2「主動留低」三重確認，答咗一個 canon 仍標 BK 嘅問題（故事對操嘅價值採咩立場）。canon 無答,NEEDS_AUTHOR,| 14 操 | B8–B10／M2 | 入隊＋歡呼：操嘅價值（被見證＝存在）係咪被答案化？ | `Matrix` L127（INFERRED）、L135（BK）；`misao` L46–60 | 攻擊：Beat 令操喺 B8 「被在乎」＋B9 「被歡呼」＋M2「主動留低」三重確認，答咗一個 canon 仍標 BK 嘅問題（故事對操嘅價值採咩立場）。canon 無答 | NEEDS_AUTHOR |
A,159,14. 角度 14：Ideology / Value System,6,CLEAN_AFTER_ATTACK,14 操,M4,`Matrix` L126／L127；`misao` L315,攻擊：虛榮種子可能令操價值被簡化成「愛靚」。結果：「極輕」限定同 CDL-141 埋伏吻合；攻唔入,CLEAN_AFTER_ATTACK,| 14 操 | M4 | 「堅持好睇」＝表演性價值？ | `Matrix` L126／L127；`misao` L315 | 攻擊：虛榮種子可能令操價值被簡化成「愛靚」。結果：「極輕」限定同 CDL-141 埋伏吻合；攻唔入 | CLEAN_AFTER_ATTACK |
A,160,14. 角度 14：Ideology / Value System,6,CLEAN_AFTER_ATTACK,14 操,H1,`misao` L319（CDL-390）；L46–60,攻擊：收埋行為係咪由價值導出？結果：核心恐懼（被看穿）導出「收埋」，吻合,CLEAN_AFTER_ATTACK,| 14 操 | H1 | 牙跌後收埋：價值排序「被人睇到＝失格」？ | `misao` L319（CDL-390）；L46–60 | 攻擊：收埋行為係咪由價值導出？結果：核心恐懼（被看穿）導出「收埋」，吻合 | CLEAN_AFTER_ATTACK |
A,161,14. 角度 14：Ideology / Value System,6,NOT_APPLICABLE,14 晴香／美夜子,H1,Beat 表 H1,兩人離場不知情,NOT_APPLICABLE,| 14 晴香／美夜子 | H1 | 同上 | Beat 表 H1 | 兩人離場不知情 | NOT_APPLICABLE |
A,162,14. 角度 14：Ideology / Value System,6,NOT_APPLICABLE,14 操,N1–N4,Beat 表 N1–N4 無操,操未登場,NOT_APPLICABLE,| 14 操 | N1–N4 | SEQ2 | Beat 表 N1–N4 無操 | 操未登場 | NOT_APPLICABLE |
A,163,14. 角度 14：Ideology / Value System,6,CLEAN_AFTER_ATTACK,14 三人,M1–M3,CDL-141（L254）,攻擊：M1–M3 主要係生存資源喜劇，價值衝突隱含（操嫌 vs 晴香放鬆）；屬 M2「晴香想要個可以放鬆嘅地方」對操「形式」嘅輕度碰撞。足夠,CLEAN_AFTER_ATTACK,| 14 三人 | M1–M3 | 價值排序（資源／形式／功能）喺補給場面有冇衝突？ | CDL-141（L254） | 攻擊：M1–M3 主要係生存資源喜劇，價值衝突隱含（操嫌 vs 晴香放鬆）；屬 M2「晴香想要個可以放鬆嘅地方」對操「形式」嘅輕度碰撞。足夠 | CLEAN_AFTER_ATTACK |
A,183,15. 角度 15：Social / Institutional Positio,6,CLEAN_AFTER_ATTACK,15 晴香,N2–N4,`Matrix` L50；Beat 表 N3：「美夜子半真半假講維多利亞天使」、N4「追問＋接受」,攻擊：Beat 有追問但追問無結果＝位置已呈現。結果：「半真半假」本身就係制度對晴香嘅資訊權力，載體足夠；攻唔入,CLEAN_AFTER_ATTACK,| 15 晴香 | N2–N4 | 晴香喺制度入面係「被招募者」：天台會面有冇顯示佢嘅位置（無資訊、無議價）？ | `Matrix` L50；Beat 表 N3：「美夜子半真半假講維多利亞天使」、N4「追問＋接受」 | 攻擊：Beat 有追問但追問無結果＝位置已呈現。結果：「半真半假」本身就係制度對晴香嘅資訊權力，載體足夠；攻唔入 | CLEAN_AFTER_ATTACK |
A,184,15. 角度 15：Social / Institutional Positio,6,CLEAN_AFTER_ATTACK,15 美夜子,N2–N3,`Matrix` L66／L70（共謀誤導）；`miyako` L176；Beat 表 N3「共謀誤導唔講穿」,攻擊：N3 可能令觀眾讀成美夜子係計劃主謀。結果：Beat 用「揀講／唔講」去講，主謀感冇被硬寫；canon 位置（共謀、非起源）同 Beat 一致；攻唔入,CLEAN_AFTER_ATTACK,| 15 美夜子 | N2–N3 | 美夜子係制度代理：N3 係咪呈現「共謀」而唔係「原創者」？ | `Matrix` L66／L70（共謀誤導）；`miyako` L176；Beat 表 N3「共謀誤導唔講穿」 | 攻擊：N3 可能令觀眾讀成美夜子係計劃主謀。結果：Beat 用「揀講／唔講」去講，主謀感冇被硬寫；canon 位置（共謀、非起源）同 Beat 一致；攻唔入 | CLEAN_AFTER_ATTACK |
A,185,15. 角度 15：Social / Institutional Positio,6,NEEDS_AUTHOR,15 美夜子,B3–B4／M2,`miyako` L176、L198（CDL-337）；CDL-141（L254）；Beat 表 M2,攻擊：美夜子夜潛開路＝背叛制度？Beat 未講；canon 內制度位置同「有用先值得留低」（L210）並存；NEEDS_AUTHOR：據點係咪制度外（秘密）定制度容許,NEEDS_AUTHOR,| 15 美夜子 | B3–B4／M2 | 連結＋夜潛開路：「帝國派嚟嘅人」同時幫三個魔法少女搵偷偷據點（有違制度）？ | `miyako` L176、L198（CDL-337）；CDL-141（L254）；Beat 表 M2 | 攻擊：美夜子夜潛開路＝背叛制度？Beat 未講；canon 內制度位置同「有用先值得留低」（L210）並存；NEEDS_AUTHOR：據點係咪制度外（秘密）定制度容許 | NEEDS_AUTHOR |
A,186,15. 角度 15：Social / Institutional Positio,6,FINDING,15 操,B5–B6,`misao` L251（CDL-065）；CDL-073；Beat 表 B1「直播 UI 彈出」,攻擊：B1 直播 UI 令人群／制度視線喺場；操獨行者位置未交代。結果：Beat B5 只寫操「從高處介入」，與「獨行但被觀看」之間嘅關係空白；canon 有（CDL-065）而 Beat 無用,FINDING（NOTE，見 F15）,| 15 操 | B5–B6 | 操作為獨行者（入隊前已戰鬥）：制度對佢嘅位置（有冇「編制」？直播 UI 對佢係咪都適用）？ | `misao` L251（CDL-065）；CDL-073；Beat 表 B1「直播 UI 彈出」 | 攻擊：B1 直播 UI 令人群／制度視線喺場；操獨行者位置未交代。結果：Beat B5 只寫操「從高處介入」，與「獨行但被觀看」之間嘅關係空白；canon 有（CDL-065）而 Beat 無用 | FINDING（NOTE，見 F15） |
A,187,15. 角度 15：Social / Institutional Positio,6,FINDING,15 操,B8,`misao` L251；`BS` L283、L782（「臨時指導」）,攻擊：「臨時指導」意味非正式編制；Beat 寫「入隊」可能被讀成正式編制，同 L782 嘅「臨時」差。成立（輕微）,FINDING（NOTE，並入 F2）,| 15 操 | B8 | 入隊＝由獨行者轉成有編制：制度身分轉換無交代，只有「傲嬌答應」 | `misao` L251；`BS` L283、L782（「臨時指導」） | 攻擊：「臨時指導」意味非正式編制；Beat 寫「入隊」可能被讀成正式編制，同 L782 嘅「臨時」差。成立（輕微） | FINDING（NOTE，並入 F2） |
A,188,15. 角度 15：Social / Institutional Positio,6,FINDING,15 操,B9–B10,CDL-073；`BS` L790；`Matrix` L26–30、L35（制度＝榨取，Rejects）,攻擊：Beat 將歡呼當純暖，削弱制度層意義（商品化）。結果：作者決定「好暖，只有少少不安」，歡呼＋簽名可同時成為暖同商品化；Beat 無明說，但亦無排除；留位可讀。需要注意歡呼嘅來源係制度直播（B1）而唔係自發,FINDING（NOTE，並入 F5）,| 15 操 | B9–B10 | 戰後安全區人群歡呼＋簽名＝制度（直播／偶像化）對魔法少女嘅社會位置 | CDL-073；`BS` L790；`Matrix` L26–30、L35（制度＝榨取，Rejects） | 攻擊：Beat 將歡呼當純暖，削弱制度層意義（商品化）。結果：作者決定「好暖，只有少少不安」，歡呼＋簽名可同時成為暖同商品化；Beat 無明說，但亦無排除；留位可讀。需要注意歡呼嘅來源係制度直播（B1）而唔係自發 | FINDING（NOTE，並入 F5） |
A,189,15. 角度 15：Social / Institutional Positio,6,FINDING,15 晴香,B1／B9,`Matrix` L50；CDL-073；`haruka` L289／L291（CDL-357 避開自己 UI 圖示）,攻擊：Beat 無晴香與 UI 關係。結果：CDL-357 屬 UI-vision 預埋，不在 demo 範圍；並入 F10,FINDING（NOTE，並入 F10）,| 15 晴香 | B1／B9 | 晴香喺直播制度下嘅位置：被看＝被榨取 | `Matrix` L50；CDL-073；`haruka` L289／L291（CDL-357 避開自己 UI 圖示） | 攻擊：Beat 無晴香與 UI 關係。結果：CDL-357 屬 UI-vision 預埋，不在 demo 範圍；並入 F10 | FINDING（NOTE，並入 F10） |
A,190,15. 角度 15：Social / Institutional Positio,6,CLEAN_AFTER_ATTACK,15 三人,M1,CDL-141（L254）；Beat 表 M1「槍耗盡」,攻擊：M1 可能被讀成純搞笑生存。結果：「被迫要補給同據點」顯示制度未提供後勤，同 `Matrix` L50 嘅「被利用」兼容；攻唔入,CLEAN_AFTER_ATTACK,| 15 三人 | M1 | 三人戰後低血糖：魔法少女「冇制度後勤」＝制度壓力表現？ | CDL-141（L254）；Beat 表 M1「槍耗盡」 | 攻擊：M1 可能被讀成純搞笑生存。結果：「被迫要補給同據點」顯示制度未提供後勤，同 `Matrix` L50 嘅「被利用」兼容；攻唔入 | CLEAN_AFTER_ATTACK |
A,191,15. 角度 15：Social / Institutional Positio,6,CLEAN_AFTER_ATTACK,15 三人,M3,Beat 表 M3；CDL-141,攻擊：保安只係喜劇障礙。結果：有制度壓力載體，但唔係主題制度（帝國）；功能 OK,CLEAN_AFTER_ATTACK,| 15 三人 | M3 | 保安巡邏＝社會制度（學校）喺世界入面嘅位置：三人係「非法潛入者」 | Beat 表 M3；CDL-141 | 攻擊：保安只係喜劇障礙。結果：有制度壓力載體，但唔係主題制度（帝國）；功能 OK | CLEAN_AFTER_ATTACK |
A,192,15. 角度 15：Social / Institutional Positio,6,CLEAN_AFTER_ATTACK,15 操,H1,`misao` L398–399；L319（CDL-390）,攻擊：H1 「冇人睇到」可能同「父親記錄戰鬥」唔一致。結果：L398–399 屬 Act II+ 揭露；Beat 層 H1 保持「冇人睇到」同觀眾視角一致；不是矛盾，但係下游埋位（觀眾睇到＝潛在被記錄位置）,CLEAN_AFTER_ATTACK,| 15 操 | H1 | 操嘅獨處收埋：父親＝EMB 技術供應商兼觀察者，操對「被記錄」嘅位置 | `misao` L398–399；L319（CDL-390） | 攻擊：H1 「冇人睇到」可能同「父親記錄戰鬥」唔一致。結果：L398–399 屬 Act II+ 揭露；Beat 層 H1 保持「冇人睇到」同觀眾視角一致；不是矛盾，但係下游埋位（觀眾睇到＝潛在被記錄位置） | CLEAN_AFTER_ATTACK |
A,193,15. 角度 15：Social / Institutional Positio,6,NOT_APPLICABLE,15 晴香／美夜子,H1,Beat 表 H1,兩人離場不知情,NOT_APPLICABLE,| 15 晴香／美夜子 | H1 | 同上 | Beat 表 H1 | 兩人離場不知情 | NOT_APPLICABLE |
A,194,15. 角度 15：Social / Institutional Positio,6,NOT_APPLICABLE,15 操,N1–N4,Beat 表 N1–N4 無操,操未登場,NOT_APPLICABLE,| 15 操 | N1–N4 | SEQ2 | Beat 表 N1–N4 無操 | 操未登場 | NOT_APPLICABLE |
A,195,15. 角度 15：Social / Institutional Positio,6,CLEAN_AFTER_ATTACK,15 晴香,M2／M4,Beat 表 M2；`Matrix` L50,攻擊：此為角色動機而非制度位置。結果：兩者相連（制度唔畀放鬆空間→自己搵）；攻唔入,CLEAN_AFTER_ATTACK,| 15 晴香 | M2／M4 | 晴香「想要個可以放鬆嘅地方」＝受制度壓力嘅普通人需要 | Beat 表 M2；`Matrix` L50 | 攻擊：此為角色動機而非制度位置。結果：兩者相連（制度唔畀放鬆空間→自己搵）；攻唔入 | CLEAN_AFTER_ATTACK |
A,213,16. 角度 16：Moral Tradeoff,6,CLEAN_AFTER_ATTACK,16 晴香,N2,`Matrix` L47；Beat 表 N2「驚由強行正常被身體出賣」,攻擊：代價（身體出賣）係被動出現，晴香冇「揀」。結果：tradeoff 由身體洩漏承擔，屬 coping 而非道德選擇；NOT 嚴格道德 tradeoff，但 Gate 要求處理方式而非口號，符合；攻唔入,CLEAN_AFTER_ATTACK,| 16 晴香 | N2 | 唔講驚＝揀咗「唔拖累美夜子／唔掃興」換走「承認需要」？代價睇唔睇到？ | `Matrix` L47；Beat 表 N2「驚由強行正常被身體出賣」 | 攻擊：代價（身體出賣）係被動出現，晴香冇「揀」。結果：tradeoff 由身體洩漏承擔，屬 coping 而非道德選擇；NOT 嚴格道德 tradeoff，但 Gate 要求處理方式而非口號，符合；攻唔入 | CLEAN_AFTER_ATTACK |
A,214,16. 角度 16：Moral Tradeoff,6,FINDING,16 晴香,N4,`Matrix` L47；CDL-053（L147）；Beat 表 N4「接受得過快＝觀眾嘅少少不安」,攻擊：放棄咗乜冇寫；只有「接受」。與 F13 同源,FINDING（NOTE，並入 F13）,| 16 晴香 | N4 | 接受使命＝換走咗乜？ | `Matrix` L47；CDL-053（L147）；Beat 表 N4「接受得過快＝觀眾嘅少少不安」 | 攻擊：放棄咗乜冇寫；只有「接受」。與 F13 同源 | FINDING（NOTE，並入 F13） |
A,215,16. 角度 16：Moral Tradeoff,6,CLEAN_AFTER_ATTACK,16 晴香,B6b–B7,CDL-050（L143）；Beat 表 B7「受擊」,攻擊：「受擊後笑問裙子」令代價輕描淡寫，tradeoff 被喜劇吞掉。結果：笑問裙子係 `haruka` L321 嘅 tell，而 B9／M1 手震把代價帶返嚟；攻唔入,CLEAN_AFTER_ATTACK,| 16 晴香 | B6b–B7 | 唔理自身衝去擋＝用身體安全換操安全；代價可見（受擊） | CDL-050（L143）；Beat 表 B7「受擊」 | 攻擊：「受擊後笑問裙子」令代價輕描淡寫，tradeoff 被喜劇吞掉。結果：笑問裙子係 `haruka` L321 嘅 tell，而 B9／M1 手震把代價帶返嚟；攻唔入 | CLEAN_AFTER_ATTACK |
A,216,16. 角度 16：Moral Tradeoff,6,CLEAN_AFTER_ATTACK,16 美夜子,N3,`Matrix` L70；CDL-054／055,攻擊：N3 只有「揀講／唔講」，代價冇出現喺 beat 內。結果：代價屬延遲（Act II 揭露），Beat 層可唔寫，但 CDL-054「望謊言為真」一半（F11）係唯一可見代價,CLEAN_AFTER_ATTACK（F11 補充）,| 16 美夜子 | N3 | 半真半假：保護（令晴香肯參與）換走誠實；代價（欺騙累積）有冇出現？ | `Matrix` L70；CDL-054／055 | 攻擊：N3 只有「揀講／唔講」，代價冇出現喺 beat 內。結果：代價屬延遲（Act II 揭露），Beat 層可唔寫，但 CDL-054「望謊言為真」一半（F11）係唯一可見代價 | CLEAN_AFTER_ATTACK（F11 補充） |
A,217,16. 角度 16：Moral Tradeoff,6,CLEAN_AFTER_ATTACK,16 美夜子,B3–B4,`Matrix` L67；CDL-084（L182）；Beat 表 B4「一瞬猶豫、凜信息一句」,攻擊：猶豫只一瞬，tradeoff 風險輕。結果：「一瞬」＋凜信息極簡，已係 canon 規定嘅份量（CDL-084）；攻唔入,CLEAN_AFTER_ATTACK,| 16 美夜子 | B3–B4 | 提出連結＝用晴香情緒換戰力；放棄咗「唔投入」，換咗戰力；風險（`Matrix` L67：投入＝害死佢）有冇顯現？ | `Matrix` L67；CDL-084（L182）；Beat 表 B4「一瞬猶豫、凜信息一句」 | 攻擊：猶豫只一瞬，tradeoff 風險輕。結果：「一瞬」＋凜信息極簡，已係 canon 規定嘅份量（CDL-084）；攻唔入 | CLEAN_AFTER_ATTACK |
A,218,16. 角度 16：Moral Tradeoff,6,FINDING,16 美夜子,B5–B10／M2／M4,Beat 表 B5–B10、M2、M4 無美夜子,攻擊：成立。連結成效可見（B4b）但代價完全喺晴香／操身上；美夜子嘅 tradeoff 於 B4 後中斷；並入 F3,FINDING（SHOULD_FIX，並入 F3）,| 16 美夜子 | B5–B10／M2／M4 | 連結後美夜子有冇為「投入」付出代價？ | Beat 表 B5–B10、M2、M4 無美夜子 | 攻擊：成立。連結成效可見（B4b）但代價完全喺晴香／操身上；美夜子嘅 tradeoff 於 B4 後中斷；並入 F3 | FINDING（SHOULD_FIX，並入 F3） |
A,219,16. 角度 16：Moral Tradeoff,6,NOT_APPLICABLE,16 美夜子,H1,Beat 表 H1,美夜子已離場且不知情,NOT_APPLICABLE,| 16 美夜子 | H1 | 尾鉤 | Beat 表 H1 | 美夜子已離場且不知情 | NOT_APPLICABLE |
A,220,16. 角度 16：Moral Tradeoff,6,NOT_APPLICABLE,16 美夜子,N1,Beat 表 N1 只有晴香,美夜子未登場,NOT_APPLICABLE,| 16 美夜子 | N1 | N1 | Beat 表 N1 只有晴香 | 美夜子未登場 | NOT_APPLICABLE |
A,221,16. 角度 16：Moral Tradeoff,6,CLEAN_AFTER_ATTACK,16 操,B5,`misao` L250（CDL-064）；L249,攻擊：無選擇＝無道德 tradeoff。結果：L250 規定係強迫（燈塔效應）；tradeoff 屬形式主義代價（效率／安全換儀式），Beat 層可唔外顯；攻唔入,CLEAN_AFTER_ATTACK,| 16 操 | B5 | 「冇得唔打」＝無選擇，tradeoff 缺位？ | `misao` L250（CDL-064）；L249 | 攻擊：無選擇＝無道德 tradeoff。結果：L250 規定係強迫（燈塔效應）；tradeoff 屬形式主義代價（效率／安全換儀式），Beat 層可唔外顯；攻唔入 | CLEAN_AFTER_ATTACK |
A,222,16. 角度 16：Moral Tradeoff,6,CLEAN_AFTER_ATTACK,16 操,B7b,`misao` L256（CDL-322）,攻擊：「非刻意」令 tradeoff 消失。結果：CDL-322 本來就係「意外救人＋多重解讀」，非刻意係設計；但種子欠觸發（F6）,CLEAN_AFTER_ATTACK（F6 補充）,| 16 操 | B7b | 順手救人：操嘅 tradeoff（形式 vs 人）喺混戰中俾咗人；代價係咪有？ | `misao` L256（CDL-322） | 攻擊：「非刻意」令 tradeoff 消失。結果：CDL-322 本來就係「意外救人＋多重解讀」，非刻意係設計；但種子欠觸發（F6） | CLEAN_AFTER_ATTACK（F6 補充） |
A,223,16. 角度 16：Moral Tradeoff,6,CLEAN_AFTER_ATTACK,16 操,B8,`BS` L283（「因被在乎而選擇留低」）、L284（「守恆代價尚未顯現」）,攻擊：L284 明寫守恆代價未顯現，Beat 若寫出代價就提早。結果：B8 只寫「震驚、傲嬌」，未寫代價；符合 L284；攻唔入,CLEAN_AFTER_ATTACK,| 16 操 | B8 | 傲嬌入隊＝換走咗獨行（安全／控制）；換咗晴香嘅在乎 | `BS` L283（「因被在乎而選擇留低」）、L284（「守恆代價尚未顯現」） | 攻擊：L284 明寫守恆代價未顯現，Beat 若寫出代價就提早。結果：B8 只寫「震驚、傲嬌」，未寫代價；符合 L284；攻唔入 | CLEAN_AFTER_ATTACK |
A,224,16. 角度 16：Moral Tradeoff,6,FINDING,16 操,B9–B10,`misao` L46–60（核心恐懼）；L376；CDL-073,攻擊：Beat 只寫歡呼嘅獲益，風險面（被看穿）不可見。成立,FINDING（NOTE，並入 F5）,| 16 操 | B9–B10 | 被歡呼＝換咗「被看見」，放棄咗「唔被看穿」安全；代價（被看穿風險）睇唔睇到？ | `misao` L46–60（核心恐懼）；L376；CDL-073 | 攻擊：Beat 只寫歡呼嘅獲益，風險面（被看穿）不可見。成立 | FINDING（NOTE，並入 F5） |
A,225,16. 角度 16：Moral Tradeoff,6,FINDING,16 操,M2,`BS` L283／L782；Tracker L70／L72；`misao` L263,攻擊：成立：選擇冇代價（M1 已被迫補給，留低只係順勢），變成免費揀擇；並入 F2,FINDING（SHOULD_FIX，並入 F2）,| 16 操 | M2 | 「主動留低」＝佢嘅選擇喺邊個代價之上？ | `BS` L283／L782；Tracker L70／L72；`misao` L263 | 攻擊：成立：選擇冇代價（M1 已被迫補給，留低只係順勢），變成免費揀擇；並入 F2 | FINDING（SHOULD_FIX，並入 F2） |
A,226,16. 角度 16：Moral Tradeoff,6,FINDING,16 操,M3,`misao` L376,同角度 13；tradeoff 即係「保持偽裝 vs 近晴香」，若冇反應則 tradeoff 消失（F4）,FINDING（SHOULD_FIX，並入 F4）,| 16 操 | M3 | 被迫貼近晴香＝換走咗「保持距離」嘅安全 | `misao` L376 | 同角度 13；tradeoff 即係「保持偽裝 vs 近晴香」，若冇反應則 tradeoff 消失（F4） | FINDING（SHOULD_FIX，並入 F4） |
A,227,16. 角度 16：Moral Tradeoff,6,CLEAN_AFTER_ATTACK,16 操,H1,`misao` L319（CDL-390）；L288–292,攻擊：Beat 寫「操即時處理、表面如常」，代價（孤獨承受）由觀眾睇見；觀眾讀法「操身體有事、佢唔畀人知」正正係 tradeoff 可讀；攻唔入（時序問題見 F1）,CLEAN_AFTER_ATTACK,| 16 操 | H1 | 收埋牙＝換走咗「求助」，保住「完美」；代價（獨自承受）係咪睇到？ | `misao` L319（CDL-390）；L288–292 | 攻擊：Beat 寫「操即時處理、表面如常」，代價（孤獨承受）由觀眾睇見；觀眾讀法「操身體有事、佢唔畀人知」正正係 tradeoff 可讀；攻唔入（時序問題見 F1） | CLEAN_AFTER_ATTACK |
A,228,16. 角度 16：Moral Tradeoff,6,NOT_APPLICABLE,16 操,N1–N4,Beat 表 N1–N4 無操,操未登場,NOT_APPLICABLE,| 16 操 | N1–N4 | SEQ2 | Beat 表 N1–N4 無操 | 操未登場 | NOT_APPLICABLE |
A,229,16. 角度 16：Moral Tradeoff,6,NOT_APPLICABLE,16 晴香,H1,Beat 表 H1,晴香已離場且不知情,NOT_APPLICABLE,| 16 晴香 | H1 | 尾鉤 | Beat 表 H1 | 晴香已離場且不知情 | NOT_APPLICABLE |
A,230,16. 角度 16：Moral Tradeoff,6,NOT_APPLICABLE,16 晴香／三人,M3,Beat 表 M3；CDL-141,攻擊：純喜劇。結果：道德 tradeoff 不在此 beat 嘅功能內（功能＝資源壓力＋被迫合作）；唔硬凹，標 NOT_APPLICABLE：M3 內容為「保安巡邏險些撞上」「肚子叫差點暴露」「臨時合作躲避」，無價值取捨,NOT_APPLICABLE,| 16 晴香／三人 | M3 | 肚子叫差點暴露＝晴香「放鬆」同「保密」嘅輕微取捨 | Beat 表 M3；CDL-141 | 攻擊：純喜劇。結果：道德 tradeoff 不在此 beat 嘅功能內（功能＝資源壓力＋被迫合作）；唔硬凹，標 NOT_APPLICABLE：M3 內容為「保安巡邏險些撞上」「肚子叫差點暴露」「臨時合作躲避」，無價值取捨 | NOT_APPLICABLE |
B,69,3. 角度 3：Information / Reveal Control（幾時遮,6,FINDING,3,N1,Beat 表 N1（「身體層可見首戰餘波（驚、手唔穩）」）；CDL-123（CANON_DECISION_LOG L232）「家中獨處，無台詞」；Beat 表 §A「觀眾只需要知『晴香首戰後好驚』，由對話帶出，唔用獨立前情」,攻擊點：§A 話「由對話帶出」，但 N1 係無台詞獨處，而 N2 先有對話。即 **N1 嘅「驚」要靠肢體（手唔穩）單獨成立**，觀眾冇 baseline 去分「手唔穩」係驚、冷、定天生。呢個 attack 成功：N1 冇對白、冇任何環境 referent（例如手機重播、新聞、物件）。,**FINDING（F2，SHOULD_FIX）**,| 3 | N1 | 呢個 beat 要觀眾知「首戰後好驚」，但冇前情、冇對白，驚由咩載體傳畀一個零前情嘅觀眾？ | Beat 表 N1（「身體層可見首戰餘波（驚、手唔穩）」）；CDL-123（CANON_DECISION_LOG L232）「家中獨處，無台詞」；Beat 表 §A「觀眾只需要知『晴香首戰後好驚』，由對話帶出，唔用獨立前情」 | 攻擊點：§A 話「由對話帶出」，但 N1 係無台詞獨處，而 N2 先有對話。即 **N1 嘅「驚」要靠肢體（手唔穩）單獨成立**，觀眾冇 baseline 去分「手唔穩」係驚、冷、定天生。呢個 attack 成功：N1 冇對白、冇任何環境 referent（例如手機重播、新聞、物件）。 | **FINDING（F2，SHOULD_FIX）** |
B,70,3. 角度 3：Information / Reveal Control（幾時遮,6,CLEAN_AFTER_ATTACK,3,N2,Beat 表 N2；CDL-060（L155）「口裡說『有用的工具』，身體本能守護」同 CDL-103（L208）「次日主動赴約」強化拯救者情結；ACT_I_OUTLINE 天台 beat,攻擊：「一句漏口」會唔會變成直接講「我好驚」＝喺 beat 層已經 info-dump 咗 N1 嘅暗示，令 N1 變成多餘。Beat 表講明「晴香唔主動講」同「口否認、身體守」，兩者都係行為載體，攻唔入；但 N1 同 N2 都喺做「驚」呢個資訊（見角度 26 非我範圍，只記）。資訊控制本身站得住。,CLEAN_AFTER_ATTACK（攻擊＝漏口等同直述；失敗原因＝Beat 表指定載體係「身體／漏口」而非直述，且 N1 只係未確立所以 N2 先負責確認）,| 3 | N2 | 晴「唔主動講驚」、驚由身體／漏口出賣——呢個遮蔽幾時變成觀眾「確認」？有冇太早講穿？ | Beat 表 N2；CDL-060（L155）「口裡說『有用的工具』，身體本能守護」同 CDL-103（L208）「次日主動赴約」強化拯救者情結；ACT_I_OUTLINE 天台 beat | 攻擊：「一句漏口」會唔會變成直接講「我好驚」＝喺 beat 層已經 info-dump 咗 N1 嘅暗示，令 N1 變成多餘。Beat 表講明「晴香唔主動講」同「口否認、身體守」，兩者都係行為載體，攻唔入；但 N1 同 N2 都喺做「驚」呢個資訊（見角度 26 非我範圍，只記）。資訊控制本身站得住。 | CLEAN_AFTER_ATTACK（攻擊＝漏口等同直述；失敗原因＝Beat 表指定載體係「身體／漏口」而非直述，且 N1 只係未確立所以 N2 先負責確認） |
B,71,3. 角度 3：Information / Reveal Control（幾時遮,6,CLEAN_AFTER_ATTACK,3,N3,CDL-055（L149）「真實部分：魔法少女的確對抗負面情緒（屍骸）；精心隱藏：情感耗損、變成魔法屍骸的風險、戰鬥的真正代價」；CDL-095（L198）天台、「口吻係解說，唔係邀請」；CDL-054（L148）共謀誤導,攻擊：Beat 表 N3 只寫「世界規則輪廓」同「共謀誤導唔講穿」，**冇列隱藏清單**。Scene 層寫手可能無意講出「用完會好攰」（落入 L2 邊緣）。攻擊失敗，因為「宣稱上游」已錨定 CDL-055，Beat 層引用錨點即足；唔係每個 Beat 都要重列清單。保留一個備註：落 Scene 時以 CDL-055 隱藏清單做 pre-check。,CLEAN_AFTER_ATTACK,| 3 | N3 | 半真半假嘅「真」同「假」邊個遮邊個揭？有冇講過頭（講出代價／屍骸化風險）＝超 Act I 天花板？ | CDL-055（L149）「真實部分：魔法少女的確對抗負面情緒（屍骸）；精心隱藏：情感耗損、變成魔法屍骸的風險、戰鬥的真正代價」；CDL-095（L198）天台、「口吻係解說，唔係邀請」；CDL-054（L148）共謀誤導 | 攻擊：Beat 表 N3 只寫「世界規則輪廓」同「共謀誤導唔講穿」，**冇列隱藏清單**。Scene 層寫手可能無意講出「用完會好攰」（落入 L2 邊緣）。攻擊失敗，因為「宣稱上游」已錨定 CDL-055，Beat 層引用錨點即足；唔係每個 Beat 都要重列清單。保留一個備註：落 Scene 時以 CDL-055 隱藏清單做 pre-check。 | CLEAN_AFTER_ATTACK |
B,72,3. 角度 3：Information / Reveal Control（幾時遮,6,CLEAN_AFTER_ATTACK,3,N4,CDL-053（L147）「晴香近乎天真的熱情全盤接受；將每次戰鬥視為『希望的現場演出』」；HC-1b L17,攻擊：Beat 表想要「少少不安」，但 HC-1b 要求 Act I 觀眾**真心相信王道**。如果 N4 令不安過強＝破壞幻覺；過弱＝讀成純勇敢。呢個張力喺 N2 有 baseline（驚→接受），觀眾可讀「驚都接受＝勇敢中帶危險」；「少少」嘅分量係作者語氣決定（§A「好暖，只有少少不安」），唔係 Beat 層嘅硬 bug。攻擊失敗：兩種讀法同時成立正正係 CDL-053 設計（Alpha 線＝,CLEAN_AFTER_ATTACK,| 3 | N4 | 「接受得過快＝少少不安」——觀眾得到嘅係「不安」定「勇敢」？同 HC-1b（要製造王道幻覺）有冇打架？ | CDL-053（L147）「晴香近乎天真的熱情全盤接受；將每次戰鬥視為『希望的現場演出』」；HC-1b L17 | 攻擊：Beat 表想要「少少不安」，但 HC-1b 要求 Act I 觀眾**真心相信王道**。如果 N4 令不安過強＝破壞幻覺；過弱＝讀成純勇敢。呢個張力喺 N2 有 baseline（驚→接受），觀眾可讀「驚都接受＝勇敢中帶危險」；「少少」嘅分量係作者語氣決定（§A「好暖，只有少少不安」），唔係 Beat 層嘅硬 bug。攻擊失敗：兩種讀法同時成立正正係 CDL-053 設計（Alpha 線＝心理可信度根源，Act III 對比）。 | CLEAN_AFTER_ATTACK |
B,73,3. 角度 3：Information / Reveal Control（幾時遮,6,CLEAN_AFTER_ATTACK,3,B1,CDL-073（L171）「假數值系統（Act I-III適用，Act III後揭露虛假）」「NPC圍觀場景（B配合）：戰鬥前後歡呼/求簽名」；CDL-176（L303）「極難察覺的暗紅色光害…觀眾可解讀為霓虹燈折射/工廠廢氣…遵守GAP-33（克制/不干擾主畫面/角色未察覺）」,攻擊 1：UI 彈出本身係 L2/L3 前置（假數值）。失敗：CDL-073 明寫 Act I–III 當真數值用、Act III 先揭虛假。攻擊 2：「戰鬥途中人群唔喺場」同 UI「觀眾人數」並存＝觀眾會問「邊個睇？」＝提早暴露 Reality Show 結構。**半成功**：CDL-073 嘅 NPC 圍觀只係「戰鬥前後」，所以 Beat 表同 canon 一致；但「無人場＋有直播」呢個空缺 ,CLEAN_AFTER_ATTACK（附 NOTE：直播觀眾所在冇答，見 §10 未列入關注點 1）,| 3 | B1 | 直播 UI＋暗紅光：呢兩樣資訊喺觀眾面前係「遮」定「揭」？超唔超 L1？ | CDL-073（L171）「假數值系統（Act I-III適用，Act III後揭露虛假）」「NPC圍觀場景（B配合）：戰鬥前後歡呼/求簽名」；CDL-176（L303）「極難察覺的暗紅色光害…觀眾可解讀為霓虹燈折射/工廠廢氣…遵守GAP-33（克制/不干擾主畫面/角色未察覺）」 | 攻擊 1：UI 彈出本身係 L2/L3 前置（假數值）。失敗：CDL-073 明寫 Act I–III 當真數值用、Act III 先揭虛假。攻擊 2：「戰鬥途中人群唔喺場」同 UI「觀眾人數」並存＝觀眾會問「邊個睇？」＝提早暴露 Reality Show 結構。**半成功**：CDL-073 嘅 NPC 圍觀只係「戰鬥前後」，所以 Beat 表同 canon 一致；但「無人場＋有直播」呢個空缺 canon 冇答、Beat 表亦冇答。記為 NOTE，唔作 FINDING（唔超 L1，只係令觀眾好奇，符合「甜下見黑」 Brief L4729）。 | CLEAN_AFTER_ATTACK（附 NOTE：直播觀眾所在冇答，見 §10 未列入關注點 1） |
B,74,3. 角度 3：Information / Reveal Control（幾時遮,6,FINDING,3,B4,CDL-084（L184）「全句不超過一句話（極簡）；目的：讓觀眾記住『美夜子有秘密/過去』，但不給任何具體信息；E-04凜前史出現時，觀眾記起這一瞬猶豫 → 情感衝擊翻倍」,攻擊：CDL-084 嘅 payoff 係 **E-04（Act I，凜前史）**——demo 範圍唔含 E-04，所以呢句喺 demo 內係**無回收嘅懸念**；資訊控制（遮）做咗，揭冇。但呢個係 demo 邊界問題，唔係 Beat 層設計錯。,**FINDING（F8，NOTE）**,| 3 | B4 | 凜一句：幾多資訊係「夠記住有秘密、唔夠知係咩」？ | CDL-084（L184）「全句不超過一句話（極簡）；目的：讓觀眾記住『美夜子有秘密/過去』，但不給任何具體信息；E-04凜前史出現時，觀眾記起這一瞬猶豫 → 情感衝擊翻倍」 | 攻擊：CDL-084 嘅 payoff 係 **E-04（Act I，凜前史）**——demo 範圍唔含 E-04，所以呢句喺 demo 內係**無回收嘅懸念**；資訊控制（遮）做咗，揭冇。但呢個係 demo 邊界問題，唔係 Beat 層設計錯。 | **FINDING（F8，NOTE）** |
B,75,3. 角度 3：Information / Reveal Control（幾時遮,6,FINDING,3,B5,CDL-089（L191）兩階段：「暗示階段…觀眾可感受到『美夜子存在=屍骸被吸引』」＋「明示階段：E-02…美夜子正式解釋燈塔效應機制」；CDL-064（L160）「冇得唔打的死循環根源」,攻擊：Beat 表 B5 只寫「（燈塔效應，冇得唔打）」放喺括號，**冇話邊個角色講、點樣畀觀眾知**。CDL-089 嘅暗示階段（E-01 前後）喺 demo 範圍外；明示階段（E-02 入隊）喺 B8 位置，但 B8 只寫「操震驚，傲嬌答應入隊」。攻擊成功：呢個資訊冇渠道。,**FINDING（F6，SHOULD_FIX）**,| 3 | B5 | 燈塔效應「冇得唔打」：觀眾幾時、點樣知道？ | CDL-089（L191）兩階段：「暗示階段…觀眾可感受到『美夜子存在=屍骸被吸引』」＋「明示階段：E-02…美夜子正式解釋燈塔效應機制」；CDL-064（L160）「冇得唔打的死循環根源」 | 攻擊：Beat 表 B5 只寫「（燈塔效應，冇得唔打）」放喺括號，**冇話邊個角色講、點樣畀觀眾知**。CDL-089 嘅暗示階段（E-01 前後）喺 demo 範圍外；明示階段（E-02 入隊）喺 B8 位置，但 B8 只寫「操震驚，傲嬌答應入隊」。攻擊成功：呢個資訊冇渠道。 | **FINDING（F6，SHOULD_FIX）** |
B,76,3. 角度 3：Information / Reveal Control（幾時遮,6,FINDING,3,B7b,CDL-322（L79）「三重解讀並存…操自己嘅解讀（新增，私下嘅）＝表面冷處理/否認…內心因為路人事後真誠嘅感激而動搖」,攻擊：Beat 表只寫「操順手救一個路人（非刻意）」。三重解讀需要：①晴見到（睇到先有「心地善良」解讀）②路人事後感激（操嘅動搖來源）③操嘅冷處理／否認。**三項 Beat 表都冇**。亦同 B1「戰鬥途中人群唔喺場」撞：路人係邊度嚟？攻擊成功。,**FINDING（F3，SHOULD_FIX）**,| 3 | B7b | 路人事件三重解讀（晴／路人／操私下）——幾時揭、邊啲遮？ | CDL-322（L79）「三重解讀並存…操自己嘅解讀（新增，私下嘅）＝表面冷處理/否認…內心因為路人事後真誠嘅感激而動搖」 | 攻擊：Beat 表只寫「操順手救一個路人（非刻意）」。三重解讀需要：①晴見到（睇到先有「心地善良」解讀）②路人事後感激（操嘅動搖來源）③操嘅冷處理／否認。**三項 Beat 表都冇**。亦同 B1「戰鬥途中人群唔喺場」撞：路人係邊度嚟？攻擊成功。 | **FINDING（F3，SHOULD_FIX）** |
B,77,3. 角度 3：Information / Reveal Control（幾時遮,6,FINDING,3,B9,Brief L11182（「葡萄糖注射槍 — 魔力 = 血糖值，CGM 手錶實時監測；過低則畫面變黑白、手震無法跑動」）；CDL-141（L254）「補給品嚴重短缺（低血糖/葡萄糖耗盡）驅動」；CROSS_ACT_FORESHADOW_MANIFEST P-A18、P-A20（L34、L36）,攻擊：「預埋」假設觀眾之前見過葡萄糖槍／CGM。demo 由首戰後一晚開始，冇 SEQ1，所以 **B9 係觀眾第一次見槍**；「餘量見底」要有 baseline 先有意義。攻擊成功。,**FINDING（F5，SHOULD_FIX）**,| 3 | B9 | UI 結算＋葡萄糖槍餘量見底＝「預埋」：預埋咩資訊、畀邊個？ | Brief L11182（「葡萄糖注射槍 — 魔力 = 血糖值，CGM 手錶實時監測；過低則畫面變黑白、手震無法跑動」）；CDL-141（L254）「補給品嚴重短缺（低血糖/葡萄糖耗盡）驅動」；CROSS_ACT_FORESHADOW_MANIFEST P-A18、P-A20（L34、L36） | 攻擊：「預埋」假設觀眾之前見過葡萄糖槍／CGM。demo 由首戰後一晚開始，冇 SEQ1，所以 **B9 係觀眾第一次見槍**；「餘量見底」要有 baseline 先有意義。攻擊成功。 | **FINDING（F5，SHOULD_FIX）** |
B,79,3. 角度 3：Information / Reveal Control（幾時遮,6,FINDING,3,M4,ACT_I_OUTLINE L177「埋伏｜此基地 → 後期據點洩露事件（操虛榮心）→ 被帝國摧毀」；CDL-317（L84）「完全移除 E-05a 成個beat」,攻擊：種子嘅 canon 用途已被作者撤銷（CDL-317），Act I Outline L177 未同步。攻擊成功。,**FINDING（F4，SHOULD_FIX）**,| 3 | M4 | 「極輕虛榮種子」：種子畀觀眾睇咩？將來揭咩？ | ACT_I_OUTLINE L177「埋伏｜此基地 → 後期據點洩露事件（操虛榮心）→ 被帝國摧毀」；CDL-317（L84）「完全移除 E-05a 成個beat」 | 攻擊：種子嘅 canon 用途已被作者撤銷（CDL-317），Act I Outline L177 未同步。攻擊成功。 | **FINDING（F4，SHOULD_FIX）** |
B,80,3. 角度 3：Information / Reveal Control（幾時遮,6,FINDING,3,H1,KDM L51（Act I＝「異常疲憊」現象，無解釋）；HC-1b L17；HC-7a L103；HC-7d L106；CDL-233 via `ayakomoji_misao.md` L290「Stage 1（Act II前期，Phase A～B）：…牙齦滲血」、L292「Stage 2a（Act II中期，E-09a）：…牙齒開始鬆動乃至脫落…利用傀儡絲線將斷牙縫回」；Brief L9584「,攻擊 A（係咪洩露 L2/L3）：牙跌係現象，唔係「真相」；操收埋係行為。Alpha/Beta 滲漏（HC-7d）唔涉及。**攻唔入 HC-7a／7d。** 攻擊 B（係咪超 Act I 現象層天花板）：KDM Act I 層1＝「異常疲憊」；canon 將「牙齒脫落」分到 Act II 中期（E-09a），將「牙齦滲血」分到 Act II 前期。H1 將**Stage 2a 級別症狀提前到 Ac,**FINDING（F1，SHOULD_FIX；內含 NEEDS_AUTHOR）**,| 3 | H1 | 牙跌：觀眾得到幾多？有冇超 Act I 天花板？ | KDM L51（Act I＝「異常疲憊」現象，無解釋）；HC-1b L17；HC-7a L103；HC-7d L106；CDL-233 via `ayakomoji_misao.md` L290「Stage 1（Act II前期，Phase A～B）：…牙齦滲血」、L292「Stage 2a（Act II中期，E-09a）：…牙齒開始鬆動乃至脫落…利用傀儡絲線將斷牙縫回」；Brief L9584「操發現牙齒開始鬆動，冇同任何人講，只用傀儡絲線把斷牙一顆顆縫返原位」（位於 Act II「突圍：融合與剪髮明志」strip）；但 Brief L4738「牙齦出血、手震、掉牙、嘔吐、失焦、耳鳴——全部是純粹的肉身現象。觀眾不需要理解任何魔法機制」同 L6097「先處理現場才掉牙、失聲」 | 攻擊 A（係咪洩露 L2/L3）：牙跌係現象，唔係「真相」；操收埋係行為。Alpha/Beta 滲漏（HC-7d）唔涉及。**攻唔入 HC-7a／7d。** 攻擊 B（係咪超 Act I 現象層天花板）：KDM Act I 層1＝「異常疲憊」；canon 將「牙齒脫落」分到 Act II 中期（E-09a），將「牙齦滲血」分到 Act II 前期。H1 將**Stage 2a 級別症狀提前到 Act I 尾**，並跳過 Stag
B,111,4.1 Setup/Payoff 逐組審核,6,FINDING,9,N1,見 4.0 S1、S2；ACT_I_OUTLINE L38、L40；BEAT_SHEET L151、L163；haruka.md L295,攻擊：「Act II 可樂失味」（Beat 表宣稱）係咪真係 Act II？ACT_I_OUTLINE L186 將可樂失味寫成 Act I Beat 3（E-03）事件；Beat 表嘅宣稱上游欄「熱可可＝Act II 可樂失味 setup」**標籤不準**：首個回收喺 Act I、非 Act II；而「冰塊咬碎」喺 ACT_II／ACT_III／CROSS_ACT 都搵唔到（我 grep 咗「冰,**FINDING（F7，NOTE）**,| 9 | N1 | 熱可可＋倒影慢半拍＋身體沉重：三個 setup 係咪都有 Act II–IV 回收？ | 見 4.0 S1、S2；ACT_I_OUTLINE L38、L40；BEAT_SHEET L151、L163；haruka.md L295 | 攻擊：「Act II 可樂失味」（Beat 表宣稱）係咪真係 Act II？ACT_I_OUTLINE L186 將可樂失味寫成 Act I Beat 3（E-03）事件；Beat 表嘅宣稱上游欄「熱可可＝Act II 可樂失味 setup」**標籤不準**：首個回收喺 Act I、非 Act II；而「冰塊咬碎」喺 ACT_II／ACT_III／CROSS_ACT 都搵唔到（我 grep 咗「冰塊」「熱可可」）。攻擊成功（但係 payoff 存在，係標籤＋後段落腳問題）。 | **FINDING（F7，NOTE）** |
B,112,4.1 Setup/Payoff 逐組審核,6,CLEAN_AFTER_ATTACK,9,N2,P-A12（L28）「Act III中段…貓殼碎裂」；P-A03（L19）「Act III 謊言揭露→拯救者情結身份崩潰」；CDL-060（L155）,攻擊：「口否認身體守」若喺 demo 內太明顯（例如擋風）＝變成「晴知」，削弱 Act III 貓殼碎裂嘅「身體語言層無語言相認」衝擊。Beat 表標明「optional」同「例如」，唔係必然；P-A12 嘅 payoff 重點係貓殼碎裂，唔係美夜子保護行為本身，所以攻唔入。,CLEAN_AFTER_ATTACK,| 9 | N2 | 「口否認、身體守」（美夜子）同「無論如何都笑」嘅 payoff：有冇 Act III 位？ | P-A12（L28）「Act III中段…貓殼碎裂」；P-A03（L19）「Act III 謊言揭露→拯救者情結身份崩潰」；CDL-060（L155） | 攻擊：「口否認身體守」若喺 demo 內太明顯（例如擋風）＝變成「晴知」，削弱 Act III 貓殼碎裂嘅「身體語言層無語言相認」衝擊。Beat 表標明「optional」同「例如」，唔係必然；P-A12 嘅 payoff 重點係貓殼碎裂，唔係美夜子保護行為本身，所以攻唔入。 | CLEAN_AFTER_ATTACK |
B,113,4.1 Setup/Payoff 逐組審核,6,CLEAN_AFTER_ATTACK,9,N3,CDL-055（L149）；CDL-054（L148）；P-A03（L19）,攻擊：如果 N3 嘅「假」部分講得太具體（例如具體講「安全」），Act III 揭露要逐句翻轉，Scene 層負擔大；但 Beat 層只標「半真半假」，冇具體句子。攻擊失敗：Beat 層冇鎖句子。,CLEAN_AFTER_ATTACK,| 9 | N3 | 共謀誤導（半真半假）嘅 Act III 回收有冇？ | CDL-055（L149）；CDL-054（L148）；P-A03（L19） | 攻擊：如果 N3 嘅「假」部分講得太具體（例如具體講「安全」），Act III 揭露要逐句翻轉，Scene 層負擔大；但 Beat 層只標「半真半假」，冇具體句子。攻擊失敗：Beat 層冇鎖句子。 | CLEAN_AFTER_ATTACK |
B,114,4.1 Setup/Payoff 逐組審核,6,CLEAN_AFTER_ATTACK,9,N4,CDL-053（L147）「Plant-A：Act III 謊言揭露」；CROSS_ACT P-A03（L19）,攻擊：N4 嘅「接受得過快」若冇一個「呢個係問題」嘅後果位，就只係性格描寫，唔係 setup。P-A03 即係回收位（Act III 揭露＋身份崩潰），所以成立。,CLEAN_AFTER_ATTACK,| 9 | N4 | 「接受得過快」係 setup；咩係 payoff？ | CDL-053（L147）「Plant-A：Act III 謊言揭露」；CROSS_ACT P-A03（L19） | 攻擊：N4 嘅「接受得過快」若冇一個「呢個係問題」嘅後果位，就只係性格描寫，唔係 setup。P-A03 即係回收位（Act III 揭露＋身份崩潰），所以成立。 | CLEAN_AFTER_ATTACK |
B,115,4.1 Setup/Payoff 逐組審核,6,CLEAN_AFTER_ATTACK,9,B1,P-A23（CROSS_ACT L39）「Act III/IV：真相揭露：那不是日落，是緋潮第一集已開始倒數」；CDL-176（L303）「二周目payoff：『原來由第一集第一場戰鬥開始，世界就已經在慢性死亡』」,攻擊：暗紅光喺 B1 係「戰場遠景」；但 CDL-176 話 E-02＋E-04 強度遞增（Lv.1→Lv.2）；demo 冇 E-04 → Lv.1 之後冇 Lv.2，demo 內無遞增。呢個係 demo 範圍造成，唔係 Beat 層錯；payoff 位完整。,CLEAN_AFTER_ATTACK,| 9 | B1 | 暗紅光有冇 payoff？ | P-A23（CROSS_ACT L39）「Act III/IV：真相揭露：那不是日落，是緋潮第一集已開始倒數」；CDL-176（L303）「二周目payoff：『原來由第一集第一場戰鬥開始，世界就已經在慢性死亡』」 | 攻擊：暗紅光喺 B1 係「戰場遠景」；但 CDL-176 話 E-02＋E-04 強度遞增（Lv.1→Lv.2）；demo 冇 E-04 → Lv.1 之後冇 Lv.2，demo 內無遞增。呢個係 demo 範圍造成，唔係 Beat 層錯；payoff 位完整。 | CLEAN_AFTER_ATTACK |
B,116,4.1 Setup/Payoff 逐組審核,6,FINDING,9,B4,見 S8；CDL-084（L184）；P-A08（L24）,見 3-B4,**FINDING（F8，NOTE）**,| 9 | B4 | 凜一句：demo 內回收？ | 見 S8；CDL-084（L184）；P-A08（L24） | 見 3-B4 | **FINDING（F8，NOTE）** |
B,117,4.1 Setup/Payoff 逐組審核,6,FINDING,9,B2,CDL-083（L183）「Act II soft pivot前置」；CDL-317（L84）將美夜子 Glitch Form 首次呈現移到 E-06；我 grep ACT_II／ACT_III 嘅「soft pivot」冇結果,攻擊：Beat 表「宣稱上游＝CDL-083」，但 CDL-083 所指嘅 Act II payoff（soft pivot）喺現行 ACT_II_OUTLINE 搵唔到字面對應。可能已被 CDL-317 之後嘅重構取代，亦可能只係用詞唔同。攻擊部分成立（我證實唔到）。,**FINDING（F14，NOTE）**,| 9 | B2 | 非功利保護＋功利藉口：Act II 回收位叫咩？ | CDL-083（L183）「Act II soft pivot前置」；CDL-317（L84）將美夜子 Glitch Form 首次呈現移到 E-06；我 grep ACT_II／ACT_III 嘅「soft pivot」冇結果 | 攻擊：Beat 表「宣稱上游＝CDL-083」，但 CDL-083 所指嘅 Act II payoff（soft pivot）喺現行 ACT_II_OUTLINE 搵唔到字面對應。可能已被 CDL-317 之後嘅重構取代，亦可能只係用詞唔同。攻擊部分成立（我證實唔到）。 | **FINDING（F14，NOTE）** |
B,118,4.1 Setup/Payoff 逐組審核,6,CLEAN_AFTER_ATTACK,9,B7,CDL-050（L143）「操第一次見到有人在乎『她』多過戰果」；P-D01（ACT_II L801）「操『停留在我想停留的位置』遺言」,攻擊：B7 嘅 setup（有人在乎「佢」）要喺 Act III 先兌現；Act II 中間有冇傳遞？P-D01 E-09a（Act II）已經用。攻擊失敗。,CLEAN_AFTER_ATTACK,| 9 | B7 | 「笑問裙子污糟未」嘅 payoff？ | CDL-050（L143）「操第一次見到有人在乎『她』多過戰果」；P-D01（ACT_II L801）「操『停留在我想停留的位置』遺言」 | 攻擊：B7 嘅 setup（有人在乎「佢」）要喺 Act III 先兌現；Act II 中間有冇傳遞？P-D01 E-09a（Act II）已經用。攻擊失敗。 | CLEAN_AFTER_ATTACK |
B,119,4.1 Setup/Payoff 逐組審核,6,FINDING,9,B7b,CDL-322（L79）；ACT_II_OUTLINE L434–436（CDL-323：「目擊操主動幫一個唔相關陌生人（CDL-322 種子，Phase D 主動重演）」）,攻擊：payoff（Phase D 重演）存在；但 setup 嘅組件（①晴見到②路人感激③操否認）demo 冇。Phase D 要「重演」，觀眾得記得 Act I 嗰次先有「由被動意外→主動選擇」嘅弧線；demo 唔寫路人感激＝弧線頭一半缺。,**FINDING（F3，SHOULD_FIX）**,| 9 | B7b | 路人事件嘅 payoff 同 setup 完整？ | CDL-322（L79）；ACT_II_OUTLINE L434–436（CDL-323：「目擊操主動幫一個唔相關陌生人（CDL-322 種子，Phase D 主動重演）」） | 攻擊：payoff（Phase D 重演）存在；但 setup 嘅組件（①晴見到②路人感激③操否認）demo 冇。Phase D 要「重演」，觀眾得記得 Act I 嗰次先有「由被動意外→主動選擇」嘅弧線；demo 唔寫路人感激＝弧線頭一半缺。 | **FINDING（F3，SHOULD_FIX）** |
B,120,4.1 Setup/Payoff 逐組審核,6,FINDING,9,B9 / M1,Brief L11182；P-A20（L36）；ACT_II_OUTLINE L328、L817（P-A20 PAID E-09）,攻擊：Beat 表 B9「預埋」、M1「兌現」，但 demo 內冇第一次建立；等如 B9 唔係預埋，係第一次見。,**FINDING（F5，SHOULD_FIX）**,| 9 | B9 / M1 | 葡萄糖槍：setup 同 payoff 邊個先？ | Brief L11182；P-A20（L36）；ACT_II_OUTLINE L328、L817（P-A20 PAID E-09） | 攻擊：Beat 表 B9「預埋」、M1「兌現」，但 demo 內冇第一次建立；等如 B9 唔係預埋，係第一次見。 | **FINDING（F5，SHOULD_FIX）** |
B,121,4.1 Setup/Payoff 逐組審核,6,FINDING,9,M2,`ayakomoji_misao.md` L298（Stage 3「主動選擇『停留』」）；ACT_II_OUTLINE L801（P-D01）；CDL-322（L79）「Phase D 操主動幫陌生人先第一次真正主動、有意識咁重演」,攻擊：Beat 表自己標「入隊後第一次主動」＝新增；canon 規定「第一次主動」喺 Phase D（CDL-322）、「停留」喺 Act III Day 13。M2 令 Act I 提前出現「第一次主動留低」，會同 CDL-322「Phase D＝首次有意識主動」張力；同時**冇登記為 plant**（CROSS_ACT 內搵唔到「留低／停留」plant）。攻擊成功。,**FINDING（F9，NOTE／NEEDS_AUTHOR）**,| 9 | M2 | 「操主動留低」係咪 plant？ | `ayakomoji_misao.md` L298（Stage 3「主動選擇『停留』」）；ACT_II_OUTLINE L801（P-D01）；CDL-322（L79）「Phase D 操主動幫陌生人先第一次真正主動、有意識咁重演」 | 攻擊：Beat 表自己標「入隊後第一次主動」＝新增；canon 規定「第一次主動」喺 Phase D（CDL-322）、「停留」喺 Act III Day 13。M2 令 Act I 提前出現「第一次主動留低」，會同 CDL-322「Phase D＝首次有意識主動」張力；同時**冇登記為 plant**（CROSS_ACT 內搵唔到「留低／停留」plant）。攻擊成功。 | **FINDING（F9，NOTE／NEEDS_AUTHOR）** |
B,122,4.1 Setup/Payoff 逐組審核,6,FINDING,9,M4,ACT_I_OUTLINE L177；CDL-317（L84）；ACT_III_OUTLINE L97、L112（「隊伍被迫放棄據點」＝晴香救夜區平民→平民舉報，非操虛榮）；L190「操被迫報串」（父親最後通牒）,攻擊：據點洩露／摧毀 payoff 已拆去兩條新因果（平民舉報、父親最後通牒），均與「虛榮」無關。種子冇下游。,**FINDING（F4，SHOULD_FIX）**,| 9 | M4 | 虛榮種子 payoff？ | ACT_I_OUTLINE L177；CDL-317（L84）；ACT_III_OUTLINE L97、L112（「隊伍被迫放棄據點」＝晴香救夜區平民→平民舉報，非操虛榮）；L190「操被迫報串」（父親最後通牒） | 攻擊：據點洩露／摧毀 payoff 已拆去兩條新因果（平民舉報、父親最後通牒），均與「虛榮」無關。種子冇下游。 | **FINDING（F4，SHOULD_FIX）** |
B,123,4.1 Setup/Payoff 逐組審核,6,FINDING,9,H1,ACT_II_OUTLINE L801–802（P-D01、P-D02）；`ayakomoji_misao.md` L290–L298；CROSS_ACT 冇「牙」,攻擊 A（payoff）：canon 有（Stage 2a→3），但階段提前，令 E-09a「牙齒開始鬆動乃至脫落…縫回」變第二次，E-09a 嘅獨特衝擊（創傷＋耳鳴封印＋縫牙同一瞬）被削弱；若 H1 後操已經縫牙（Beat 表冇話），Act III Stage 3 「揭露全貌」嘅觀眾優勢（P-A25／CDL-231 Double-hit）亦改變。攻擊 B（setup）：H1 冇前置（M1–M4 ,**FINDING（F1、F13）**,| 9 | H1 | 牙跌嘅 setup 同 payoff？ | ACT_II_OUTLINE L801–802（P-D01、P-D02）；`ayakomoji_misao.md` L290–L298；CROSS_ACT 冇「牙」 | 攻擊 A（payoff）：canon 有（Stage 2a→3），但階段提前，令 E-09a「牙齒開始鬆動乃至脫落…縫回」變第二次，E-09a 嘅獨特衝擊（創傷＋耳鳴封印＋縫牙同一瞬）被削弱；若 H1 後操已經縫牙（Beat 表冇話），Act III Stage 3 「揭露全貌」嘅觀眾優勢（P-A25／CDL-231 Double-hit）亦改變。攻擊 B（setup）：H1 冇前置（M1–M4 冇一個操嘅牙／口部提示）。 | **FINDING（F1、F13）** |
B,124,4.1 Setup/Payoff 逐組審核,6,FINDING,9,B1 / B9,CDL-073（L171）「Act I-III適用，Act III後揭露虛假」；grep「假數值」「Likes」「打賞」於 ACT_II_OUTLINE／ACT_III_OUTLINE／CROSS_ACT_FORESHADOW_MANIFEST＝0 命中,攻擊：UI 係 demo 兩個位（B1、B9）嘅核心可見元素，但如果 Act II–III 冇登記揭露 beat，UI 係「無下游 setup」，demo 嘅 UI 設計將來要靠記憶回收。攻擊成功（對 canon，唔係對 Beat 表）。,**FINDING（F15，NOTE）**,| 9 | B1 / B9 | 直播 UI＋假數值：Act III 揭露虛假嘅 payoff beat 喺邊？ | CDL-073（L171）「Act I-III適用，Act III後揭露虛假」；grep「假數值」「Likes」「打賞」於 ACT_II_OUTLINE／ACT_III_OUTLINE／CROSS_ACT_FORESHADOW_MANIFEST＝0 命中 | 攻擊：UI 係 demo 兩個位（B1、B9）嘅核心可見元素，但如果 Act II–III 冇登記揭露 beat，UI 係「無下游 setup」，demo 嘅 UI 設計將來要靠記憶回收。攻擊成功（對 canon，唔係對 Beat 表）。 | **FINDING（F15，NOTE）** |
B,136,5. 角度 10：Audience Experience / Knowledge,6,FINDING,10,N1,Beat 表 §A「觀眾只需要知『晴香首戰後好驚』，由對話帶出，唔用獨立前情」；N1「身體層可見首戰餘波（驚、手唔穩）」；CDL-123（L232）「家中獨處，無台詞」；ACT_I_OUTLINE L38「照鏡倒影慢0.3秒…晴香揉眼：『琴晚夜瞓，眼花添』」,攻擊：①無對白＝冇文字 anchor；②熱可可儀式＝暖，易被讀成「舒服嘅一晚」；③「倒影慢半拍」係第一次睇到嘅新現象，冇「正常倒影」baseline；④「首戰」一詞喺 N1 完全冇出現。呢四點疊埋＝觀眾最快都要等到 N2（一次漏口）先知「嘩佢原來好驚」。攻擊成功。**注意：** 呢個唔係話要加前情（作者否決咗），係話 N1 冇一個**行為／環境載體**連去「首戰」（例如：手機上重播緊嘅畫面、制服／,**FINDING（F2，SHOULD_FIX）**,| 10 | N1 | 零前情觀眾睇「獨自做熱可可、手唔穩、倒影慢半拍」，有冇可能讀成「冷／天生手震／鏡有問題」而唔係「首戰後驚」？ | Beat 表 §A「觀眾只需要知『晴香首戰後好驚』，由對話帶出，唔用獨立前情」；N1「身體層可見首戰餘波（驚、手唔穩）」；CDL-123（L232）「家中獨處，無台詞」；ACT_I_OUTLINE L38「照鏡倒影慢0.3秒…晴香揉眼：『琴晚夜瞓，眼花添』」 | 攻擊：①無對白＝冇文字 anchor；②熱可可儀式＝暖，易被讀成「舒服嘅一晚」；③「倒影慢半拍」係第一次睇到嘅新現象，冇「正常倒影」baseline；④「首戰」一詞喺 N1 完全冇出現。呢四點疊埋＝觀眾最快都要等到 N2（一次漏口）先知「嘩佢原來好驚」。攻擊成功。**注意：** 呢個唔係話要加前情（作者否決咗），係話 N1 冇一個**行為／環境載體**連去「首戰」（例如：手機上重播緊嘅畫面、制服／衣服上嘅痕跡、洗唔甩嘅嘢）。 | **FINDING（F2，SHOULD_FIX）** |
B,137,5. 角度 10：Audience Experience / Knowledge,6,CLEAN_AFTER_ATTACK,10,N2,Beat 表 N2；CDL-103（L208）「次日放學後美夜子約晴香到學校天台」,攻擊：N1→N2 之間觀眾冇機會知「貓係誰、點解晴要赴約」。失敗原因：N2 本身係「到場」場景，美夜子「早已喺高處」、晴「帶住未散嘅驚赴約」＝赴約動機由 N1「驚」帶出，而天台係自然嘅講解場。觀眾唔使預先知貓，只要知「呢個係約咗嘅人」，Beat 表嘅「約」係隱含（赴約）。,CLEAN_AFTER_ATTACK,| 10 | N2 | 觀眾第一次見貓開口、冷、功能性——會唔會因為唔知 N1 嘅人同呢隻貓有咩關係而迷？ | Beat 表 N2；CDL-103（L208）「次日放學後美夜子約晴香到學校天台」 | 攻擊：N1→N2 之間觀眾冇機會知「貓係誰、點解晴要赴約」。失敗原因：N2 本身係「到場」場景，美夜子「早已喺高處」、晴「帶住未散嘅驚赴約」＝赴約動機由 N1「驚」帶出，而天台係自然嘅講解場。觀眾唔使預先知貓，只要知「呢個係約咗嘅人」，Beat 表嘅「約」係隱含（赴約）。 | CLEAN_AFTER_ATTACK |
B,138,5. 角度 10：Audience Experience / Knowledge,6,CLEAN_AFTER_ATTACK,10,N3,CDL-095（L198）「非戰場即時info-dump，非催眠環境」；Beat 表 N3「行為層載體：美夜子揀講／唔講乜、視線／位置回避」,攻擊：N3 同時要①畀世界輪廓②藏真相③用行為層表達孤立感。三件事疊喺一場「聽講」戲，Beat 層標咗「行為載體」，但行為載體喺講解場戲通常好弱（對白佔先）。呢個係 Scene 層執行風險，Beat 層已經標咗方向，攻唔入 Beat 層；列為角度 24 事項（唔屬我範圍）。,CLEAN_AFTER_ATTACK（攻擊＝行為載體會被對白淹沒；失敗＝Beat 層已指定載體，只係 Scene 層執行風險）,| 10 | N3 | 觀眾得到「世界規則輪廓」：會唔會 info-dump（作者話唔想）？ | CDL-095（L198）「非戰場即時info-dump，非催眠環境」；Beat 表 N3「行為層載體：美夜子揀講／唔講乜、視線／位置回避」 | 攻擊：N3 同時要①畀世界輪廓②藏真相③用行為層表達孤立感。三件事疊喺一場「聽講」戲，Beat 層標咗「行為載體」，但行為載體喺講解場戲通常好弱（對白佔先）。呢個係 Scene 層執行風險，Beat 層已經標咗方向，攻唔入 Beat 層；列為角度 24 事項（唔屬我範圍）。 | CLEAN_AFTER_ATTACK（攻擊＝行為載體會被對白淹沒；失敗＝Beat 層已指定載體，只係 Scene 層執行風險） |
B,139,5. 角度 10：Audience Experience / Knowledge,6,CLEAN_AFTER_ATTACK,10,N4,CDL-053（L147）；HC-1b L17；Beat 表 §A「好暖，只有少少不安」,攻擊：新觀眾可能誤讀。但 HC-1b 要求 Act I 觀眾**以王道心態睇**，所以「勇敢」讀法係被容許甚至係首要讀法；「不安」只係少少。攻擊失敗：兩種讀法並存即係設計目標。,CLEAN_AFTER_ATTACK,| 10 | N4 | 「接受得過快」→「少少不安」；觀眾會唔會誤讀成「晴好勇敢」或「晴冇腦」？ | CDL-053（L147）；HC-1b L17；Beat 表 §A「好暖，只有少少不安」 | 攻擊：新觀眾可能誤讀。但 HC-1b 要求 Act I 觀眾**以王道心態睇**，所以「勇敢」讀法係被容許甚至係首要讀法；「不安」只係少少。攻擊失敗：兩種讀法並存即係設計目標。 | CLEAN_AFTER_ATTACK |
B,140,5. 角度 10：Audience Experience / Knowledge,6,FINDING,10,N4→B1,Beat 表 SEQ3a 標題「硬切接 N4；開戰＝『之後某次屍骸入侵』」；B1「晴香仍帶驚但行動」,攻擊：N4 結尾係天台（驚＋接受），B1 係戰鬥。冇時間標記嘅硬切，觀眾可能以為係「立刻開打」（同一日），亦可能迷「晴仍帶驚」係幾耐之後。如果以為係同一晚，B2「美夜子撲出擋」（非功利）同 B3「提出連結」嘅時序又會同 N3 美夜子嘅「半真半假講使命」衝突（使命說明後同日首次實戰係咪合理？）。Beat 表冇話幾耐。攻擊成功。,**FINDING（F16，NOTE）**,| 10 | N4→B1 | 「硬切接 N4；開戰＝之後某次屍骸入侵」——觀眾分唔分到時間跳？ | Beat 表 SEQ3a 標題「硬切接 N4；開戰＝『之後某次屍骸入侵』」；B1「晴香仍帶驚但行動」 | 攻擊：N4 結尾係天台（驚＋接受），B1 係戰鬥。冇時間標記嘅硬切，觀眾可能以為係「立刻開打」（同一日），亦可能迷「晴仍帶驚」係幾耐之後。如果以為係同一晚，B2「美夜子撲出擋」（非功利）同 B3「提出連結」嘅時序又會同 N3 美夜子嘅「半真半假講使命」衝突（使命說明後同日首次實戰係咪合理？）。Beat 表冇話幾耐。攻擊成功。 | **FINDING（F16，NOTE）** |
B,141,5. 角度 10：Audience Experience / Knowledge,6,CLEAN_AFTER_ATTACK,10,B1,CDL-073（L171）；ACT_I_OUTLINE L142「戰鬥被作為 Reality Show 直播（情緒資本主義娛樂化；觀眾賭博/打賞，CDL-057）」；CDL-176（L303）「觀眾可解讀為霓虹燈折射/工廠廢氣」,攻擊：新觀眾見 UI＋戰鬥中冇人＝「呢個係遊戲 UI」（玩家讀）而唔係「戰中有人睇」（劇情讀）。CDL-073 本身要求兩層（玩家讀、晴香讀）並存，所以「讀成遊戲 UI」係被允許嘅。攻唔入。,CLEAN_AFTER_ATTACK,| 10 | B1 | 直播 UI＋人群唔喺場＋暗紅光：觀眾幾時明白呢樣係「Reality Show」？要唔要明白？ | CDL-073（L171）；ACT_I_OUTLINE L142「戰鬥被作為 Reality Show 直播（情緒資本主義娛樂化；觀眾賭博/打賞，CDL-057）」；CDL-176（L303）「觀眾可解讀為霓虹燈折射/工廠廢氣」 | 攻擊：新觀眾見 UI＋戰鬥中冇人＝「呢個係遊戲 UI」（玩家讀）而唔係「戰中有人睇」（劇情讀）。CDL-073 本身要求兩層（玩家讀、晴香讀）並存，所以「讀成遊戲 UI」係被允許嘅。攻唔入。 | CLEAN_AFTER_ATTACK |
B,142,5. 角度 10：Audience Experience / Knowledge,6,FINDING,10,B2–B4b,HC-4f（HARD_CONSTRAINTS_TABLE L66）「每次變身必須在視聽層體現代價視覺（裂紋/褪色瞳孔/心之器微顫 + 音調輕微沉降）。禁止呈現為純粹美麗的授權儀式」；Beat 表 B4「力量暴增」、B4b「晴香壓住局面一下」,攻擊：Beat 表冇一個字提 HC-4f 嘅視聽代價。B4／B4b 正係「連結啟動／成效可見」兩個最像授權儀式嘅位。攻擊成功（對 HC-4f）。但 Scene 層可以補；Beat 層未註明「HC-4f 視聽代價喺 B4／B4b 要落」。,**FINDING（F10，NOTE）**,| 10 | B2–B4b | 觀眾睇到美夜子咬唇＋藉口＋連結＋凜一句＋力量暴增：會唔會先怕「情緒連結免費」？ | HC-4f（HARD_CONSTRAINTS_TABLE L66）「每次變身必須在視聽層體現代價視覺（裂紋/褪色瞳孔/心之器微顫 + 音調輕微沉降）。禁止呈現為純粹美麗的授權儀式」；Beat 表 B4「力量暴增」、B4b「晴香壓住局面一下」 | 攻擊：Beat 表冇一個字提 HC-4f 嘅視聽代價。B4／B4b 正係「連結啟動／成效可見」兩個最像授權儀式嘅位。攻擊成功（對 HC-4f）。但 Scene 層可以補；Beat 層未註明「HC-4f 視聽代價喺 B4／B4b 要落」。 | **FINDING（F10，NOTE）** |
B,143,5. 角度 10：Audience Experience / Knowledge,6,FINDING,10,B5–B7,CDL-050（L143）「入隊前：獨行俠」；CDL-063（L159）「孤身戰鬥=『冇觀眾的表演』」；ACT_I_OUTLINE L91,攻擊：B5「冇得唔打」冇渠道傳畀觀眾（F6）→ 觀眾見到嘅操＝陌生人殺屍骸，動機空白；B6 中伏、B6b 晴衝去，觀眾係為「晴嘅好心」而感動，而唔係為操。好奇／同情嘅對象係晴。呢個唔係問題（B7「笑問裙子」本身係晴嘅 beat），但操嘅「為咩要被在乎」靠 CDL-050 內心層，觀眾見唔到（B7 嘅操反應冇行為載體寫喺 Beat 表）。,**FINDING（F6 同 B7 一併；已入 F6）**,| 10 | B5–B7 | 觀眾對操嘅理解：新角色突然從高處出現殺怪、中伏、被救——有冇足夠資訊畀觀眾「好奇」而唔係「邊個？」 | CDL-050（L143）「入隊前：獨行俠」；CDL-063（L159）「孤身戰鬥=『冇觀眾的表演』」；ACT_I_OUTLINE L91 | 攻擊：B5「冇得唔打」冇渠道傳畀觀眾（F6）→ 觀眾見到嘅操＝陌生人殺屍骸，動機空白；B6 中伏、B6b 晴衝去，觀眾係為「晴嘅好心」而感動，而唔係為操。好奇／同情嘅對象係晴。呢個唔係問題（B7「笑問裙子」本身係晴嘅 beat），但操嘅「為咩要被在乎」靠 CDL-050 內心層，觀眾見唔到（B7 嘅操反應冇行為載體寫喺 Beat 表）。 | **FINDING（F6 同 B7 一併；已入 F6）** |
B,144,5. 角度 10：Audience Experience / Knowledge,6,CLEAN_AFTER_ATTACK,10,B9–B10,CDL-073（L171）「玩家-晴香認知錯位：晴香天真視為希望散播，玩家逐漸對將死亡包裝成『刷數據』感到異常不安」；Beat 表 B9「葡萄糖槍餘量見底或晴香手震」,攻擊：B9 人群歡呼、求簽名＋B10 暖收束＝全部正向訊號，玩家「不安」嘅唯一載體係手震／槍見底。攻擊失敗：呢個「少少」係作者決定（§A），而且 M1 即刻接低血糖、H1 尾鉤補返不安。,CLEAN_AFTER_ATTACK,| 10 | B9–B10 | 結算＋歡呼＋暖收束：「少少不安」喺 B10 之前仲喺唔喺？ | CDL-073（L171）「玩家-晴香認知錯位：晴香天真視為希望散播，玩家逐漸對將死亡包裝成『刷數據』感到異常不安」；Beat 表 B9「葡萄糖槍餘量見底或晴香手震」 | 攻擊：B9 人群歡呼、求簽名＋B10 暖收束＝全部正向訊號，玩家「不安」嘅唯一載體係手震／槍見底。攻擊失敗：呢個「少少」係作者決定（§A），而且 M1 即刻接低血糖、H1 尾鉤補返不安。 | CLEAN_AFTER_ATTACK |
B,145,5. 角度 10：Audience Experience / Knowledge,6,CLEAN_AFTER_ATTACK,10,M1–M4,Brief L4729「「甜下見黑」是全作重覆節奏語法…一幕溫柔結束，裂縫隨即出現」；Brief L6097「身體延遲：戰鬥中沒事——落台之後才嘔吐；先處理現場才掉牙、失聲」,攻擊：M4 暖峰→H1 即時掉牙，同「甜下見黑」一致，且 Brief 明寫「先處理現場才掉牙」。攻擊失敗。但注意：呢個節奏語法被用成 demo 嘅**唯一**收尾形式，冇備選（pacing 角度 25，唔屬我範圍）。,CLEAN_AFTER_ATTACK,| 10 | M1–M4 | 暖峰（M4）之前有冇「甜」？「甜下見黑」嘅黑嚟得夠唔夠突然／夠唔夠公平？ | Brief L4729「「甜下見黑」是全作重覆節奏語法…一幕溫柔結束，裂縫隨即出現」；Brief L6097「身體延遲：戰鬥中沒事——落台之後才嘔吐；先處理現場才掉牙、失聲」 | 攻擊：M4 暖峰→H1 即時掉牙，同「甜下見黑」一致，且 Brief 明寫「先處理現場才掉牙」。攻擊失敗。但注意：呢個節奏語法被用成 demo 嘅**唯一**收尾形式，冇備選（pacing 角度 25，唔屬我範圍）。 | CLEAN_AFTER_ATTACK |
B,146,5. 角度 10：Audience Experience / Knowledge,6,FINDING,10,H1,Beat 表 H1「觀眾讀法設計：唔明講同魔法代價有關，只讀成『操身體有事、佢唔畀人知』」；Brief L4738「身體代價——不用懂魔法都感受得到…牙齦出血、手震、掉牙…觀眾不需要理解任何魔法機制，一眼就知道這個角色正在付出代價」；M1（Beat 表）剛喺三人身上演過身體代價,攻擊 A（讀法達唔達）：Brief 話身體代價「一眼就知道正在付出代價」＝觀眾會自然連去代價；M1 喺 H1 前面幾個 beat 先示範過代價（低血糖），所以「唔連去魔法代價」幾乎唔可能。我認為 H1 達成嘅係「**唔明講**代價係咩，但觀眾感到係代價」，同 Beat 表「只讀成…身體有事」有出入——前者係 Layer 1（現象層、無解釋，KDM L51），後者係更弱嘅讀法。Beat 表嘅設計目標,**FINDING（F1 內含；另記 NOTE 於 F1 第 4 點）**,| 10 | H1 | 觀眾讀法設計：「操身體有事、佢唔畀人知」，唔讀成魔法代價。呢個讀法達唔達到？有冇誤讀（搞笑、乳牙、純 gore）？ | Beat 表 H1「觀眾讀法設計：唔明講同魔法代價有關，只讀成『操身體有事、佢唔畀人知』」；Brief L4738「身體代價——不用懂魔法都感受得到…牙齦出血、手震、掉牙…觀眾不需要理解任何魔法機制，一眼就知道這個角色正在付出代價」；M1（Beat 表）剛喺三人身上演過身體代價 | 攻擊 A（讀法達唔達）：Brief 話身體代價「一眼就知道正在付出代價」＝觀眾會自然連去代價；M1 喺 H1 前面幾個 beat 先示範過代價（低血糖），所以「唔連去魔法代價」幾乎唔可能。我認為 H1 達成嘅係「**唔明講**代價係咩，但觀眾感到係代價」，同 Beat 表「只讀成…身體有事」有出入——前者係 Layer 1（現象層、無解釋，KDM L51），後者係更弱嘅讀法。Beat 表嘅設計目標寫得過窄／偏離 Brief 原意。攻擊 B（誤讀為搞笑／乳牙）：一隻牙跌＋青少年角色＋暖場之後，如果「收埋」嘅動作唔夠秘密（例如隨手），可以讀成「乳牙／小事」；呢個靠 Beat 表嘅「收埋」＋「冇人睇到」＋「表面如常」去擋，但三個提示只係 Beat 層文字，行為載體冇指定。攻擊 A 部分成立（讀法目標同 Brief 有出入）、攻擊 B 靠「收埋」擋到但未鎖。 | **F
B,158,6. 角度 20：Character Knowledge State（角色知情：,6,FINDING,20,N1,ACT_I_OUTLINE L38「晴香揉眼：『琴晚夜瞓，眼花添』」「『個背囊今日做咩咁重㗎...』」；CDL-123（L232）「可被否認性原則」,攻擊：Beat 表 N1「晴香自圓其說」＝晴香**知**有異常並**主動解釋掉**。canon 版係「揉眼、揼膊頭」＝佢真係當係眼花／背囊重（自欺，而非明知而隱瞞）。兩者唔同：前者＝角色對自己「唔知」，後者＝「知而藏」。Beat 表用字「自圓其說」較貼後者。差別影響觀眾讀法（自欺＝不安；明知而藏＝暗示晴知有鬼）。攻擊部分成立，但 Beat 表「自圓其說」係 beat 層簡寫，canon 錨點（CD,**FINDING（F17，NOTE）**,| 20 | N1 | 晴對自己嘅知情：佢知唔知異常（倒影、重）？ | ACT_I_OUTLINE L38「晴香揉眼：『琴晚夜瞓，眼花添』」「『個背囊今日做咩咁重㗎...』」；CDL-123（L232）「可被否認性原則」 | 攻擊：Beat 表 N1「晴香自圓其說」＝晴香**知**有異常並**主動解釋掉**。canon 版係「揉眼、揼膊頭」＝佢真係當係眼花／背囊重（自欺，而非明知而隱瞞）。兩者唔同：前者＝角色對自己「唔知」，後者＝「知而藏」。Beat 表用字「自圓其說」較貼後者。差別影響觀眾讀法（自欺＝不安；明知而藏＝暗示晴知有鬼）。攻擊部分成立，但 Beat 表「自圓其說」係 beat 層簡寫，canon 錨點（CDL-123）清楚，故只作 NOTE。 | **FINDING（F17，NOTE）** |
B,159,6. 角度 20：Character Knowledge State（角色知情：,6,CLEAN_AFTER_ATTACK,20,N2,Beat 表 N2「驚由『強行正常』被身體／一句漏口出賣，美夜子功能性點出」,攻擊：美夜子「早已喺高處」＝佢睇唔到 N1 嘅晴；佢憑 N2 嘅身體／漏口知驚，**資訊來源＝N2 當場可見**，冇對未收資訊作反應。攻擊失敗。,CLEAN_AFTER_ATTACK,| 20 | N2 | 美夜子對晴「驚」嘅知情：點知？ | Beat 表 N2「驚由『強行正常』被身體／一句漏口出賣，美夜子功能性點出」 | 攻擊：美夜子「早已喺高處」＝佢睇唔到 N1 嘅晴；佢憑 N2 嘅身體／漏口知驚，**資訊來源＝N2 當場可見**，冇對未收資訊作反應。攻擊失敗。 | CLEAN_AFTER_ATTACK |
B,160,6. 角度 20：Character Knowledge State（角色知情：,6,CLEAN_AFTER_ATTACK,20,N3,CDL-055（L149）；CDL-054（L148）「說謊者渴望謊言是真實的」；`miyako.md` L72–74（失憶，CDL-294「拼接式復活未接通…記憶逐步恢復」）,攻擊：美夜子失憶（記憶殘缺），但 Beat 表寫「揀講／唔講」＝佢**知**邊啲要藏。若佢失憶，佢藏嘅資訊來源係「系統指示」定「模糊記憶」？CDL-055 話「精心隱藏」（有意），CDL-054 話「見過太多黑暗／同伴犧牲」（有記憶）。兩條 canon 嘅美夜子知情程度同 CDL-294 失憶設定有張力，但呢個係 canon 內部事（角度 11 範圍），Beat 層唔使解決。晴對藏咗嘅嘢冇反應（唔,CLEAN_AFTER_ATTACK（失憶 vs 知情之張力記入 §10 未列入關注點 2）,| 20 | N3 | 美夜子知咩、講咩、藏咩？晴有冇對「藏咗嘅嘢」作出反應？ | CDL-055（L149）；CDL-054（L148）「說謊者渴望謊言是真實的」；`miyako.md` L72–74（失憶，CDL-294「拼接式復活未接通…記憶逐步恢復」） | 攻擊：美夜子失憶（記憶殘缺），但 Beat 表寫「揀講／唔講」＝佢**知**邊啲要藏。若佢失憶，佢藏嘅資訊來源係「系統指示」定「模糊記憶」？CDL-055 話「精心隱藏」（有意），CDL-054 話「見過太多黑暗／同伴犧牲」（有記憶）。兩條 canon 嘅美夜子知情程度同 CDL-294 失憶設定有張力，但呢個係 canon 內部事（角度 11 範圍），Beat 層唔使解決。晴對藏咗嘅嘢冇反應（唔知）＝一致。 | CLEAN_AFTER_ATTACK（失憶 vs 知情之張力記入 §10 未列入關注點 2） |
B,161,6. 角度 20：Character Knowledge State（角色知情：,6,CLEAN_AFTER_ATTACK,20,N4,Beat 表 N4「追問＋接受」；CDL-053（L147）,攻擊：N4 追問嘅內容受 N3「講咗啲咩」限制。如果 N3 冇講「危險」，晴嘅「驚同接受並存」憑咩？答：驚由 N1/N2 嘅首戰親歷而嚟，而非憑 N3 資訊。成立。,CLEAN_AFTER_ATTACK,| 20 | N4 | 晴嘅「追問」：追問咩？憑邊啲資訊？ | Beat 表 N4「追問＋接受」；CDL-053（L147） | 攻擊：N4 追問嘅內容受 N3「講咗啲咩」限制。如果 N3 冇講「危險」，晴嘅「驚同接受並存」憑咩？答：驚由 N1/N2 嘅首戰親歷而嚟，而非憑 N3 資訊。成立。 | CLEAN_AFTER_ATTACK |
B,162,6. 角度 20：Character Knowledge State（角色知情：,6,CLEAN_AFTER_ATTACK,20,B1,Beat 表 B1；N4→B1 時間跳（見 F16）,攻擊：如果 B1 係「之後某次」，驚係首戰餘波定新驚？冇答（只影響表演方向）。冇「對未收資訊反應」。,CLEAN_AFTER_ATTACK（時間跳另見 F16）,| 20 | B1 | 晴「仍帶驚但行動」：驚嘅來源係首戰定 N2/N3？ | Beat 表 B1；N4→B1 時間跳（見 F16） | 攻擊：如果 B1 係「之後某次」，驚係首戰餘波定新驚？冇答（只影響表演方向）。冇「對未收資訊反應」。 | CLEAN_AFTER_ATTACK（時間跳另見 F16） |
B,163,6. 角度 20：Character Knowledge State（角色知情：,6,CLEAN_AFTER_ATTACK,20,B2,CDL-083（L183）「晴香若有所感但未深究」；CDL-060（L155）,攻擊：晴「未深究」需要佢「有所感」＝佢見到咬唇／擋嘅動作（可見資訊）。Beat 表有「咬唇」＝可見。,CLEAN_AFTER_ATTACK,| 20 | B2 | 晴「照字面接受藉口」：佢有冇資訊懷疑？ | CDL-083（L183）「晴香若有所感但未深究」；CDL-060（L155） | 攻擊：晴「未深究」需要佢「有所感」＝佢見到咬唇／擋嘅動作（可見資訊）。Beat 表有「咬唇」＝可見。 | CLEAN_AFTER_ATTACK |
B,164,6. 角度 20：Character Knowledge State（角色知情：,6,CLEAN_AFTER_ATTACK,20,B3–B4,Beat 表 B3「美夜子因而提出情緒連結」；B4「晴香察覺冇問、照樣答應」；`miyako.md` L182（CDL-084）；`ACT_I_OUTLINE` L140,攻擊：晴答應一個未解釋嘅機制＝以拯救者情結（CDL-053）作答，唔係「對資訊反應」，係「資訊缺乏下嘅意志」。但 Beat 表冇話 B3 有冇一句解釋（連結＝同步情緒），如果完全冇，觀眾（同晴）都唔知 B4 嘅「力量暴增」係點嚟。已記 F10（HC-4f）、F6。,CLEAN_AFTER_ATTACK,| 20 | B3–B4 | 晴同意連結：佢知唔知連結係咩？ | Beat 表 B3「美夜子因而提出情緒連結」；B4「晴香察覺冇問、照樣答應」；`miyako.md` L182（CDL-084）；`ACT_I_OUTLINE` L140 | 攻擊：晴答應一個未解釋嘅機制＝以拯救者情結（CDL-053）作答，唔係「對資訊反應」，係「資訊缺乏下嘅意志」。但 Beat 表冇話 B3 有冇一句解釋（連結＝同步情緒），如果完全冇，觀眾（同晴）都唔知 B4 嘅「力量暴增」係點嚟。已記 F10（HC-4f）、F6。 | CLEAN_AFTER_ATTACK |
B,165,6. 角度 20：Character Knowledge State（角色知情：,6,CLEAN_AFTER_ATTACK,20,B5,CDL-064（L160）；CDL-065（`ayakomoji_misao.md` L251：「獨行俠戰鬥記錄（CDL-065）」）；Beat 表 B5,攻擊：操知「燈塔效應、冇得唔打、孤身」；操**唔知**晴／美。B5 作為「陌生人介入」，操反應只有殺怪，冇 reaction to 晴 → OK。,CLEAN_AFTER_ATTACK,| 20 | B5 | 操入場：操知咩？ | CDL-064（L160）；CDL-065（`ayakomoji_misao.md` L251：「獨行俠戰鬥記錄（CDL-065）」）；Beat 表 B5 | 攻擊：操知「燈塔效應、冇得唔打、孤身」；操**唔知**晴／美。B5 作為「陌生人介入」，操反應只有殺怪，冇 reaction to 晴 → OK。 | CLEAN_AFTER_ATTACK |
B,166,6. 角度 20：Character Knowledge State（角色知情：,6,CLEAN_AFTER_ATTACK,20,B6–B7,Beat 表 B6b「晴香見操獨自受困，本能衝去」；CDL-050（L143）「晴香不顧儀態用身體擋攻擊，笑著問『條裙有無整污糟』」,攻擊：晴對操一無所知（唔識佢、唔知佢強），反應係拯救者情結（CDL-053）＝行為驅動，唔需要資訊。成立。,CLEAN_AFTER_ATTACK,| 20 | B6–B7 | 晴「本能衝去」「用身體擋」：晴憑咩？ | Beat 表 B6b「晴香見操獨自受困，本能衝去」；CDL-050（L143）「晴香不顧儀態用身體擋攻擊，笑著問『條裙有無整污糟』」 | 攻擊：晴對操一無所知（唔識佢、唔知佢強），反應係拯救者情結（CDL-053）＝行為驅動，唔需要資訊。成立。 | CLEAN_AFTER_ATTACK |
B,167,6. 角度 20：Character Knowledge State（角色知情：,6,FINDING,20,B7b,CDL-322（L79）三重解讀；Beat 表 B7b「混戰中操順手救一個路人（非刻意）」；B1「戰鬥途中人群唔喺場」,攻擊：「晴香解讀＝操心地善良」要晴見到；「操私下動搖」要路人事後真誠感激（路人要喺 B9「戰後安全區人群歡呼、求簽名」出現）。B7b 同 B1 嘅「人群唔喺場」撞：路人由邊度嚟？Beat 表冇答。攻擊成功。,**FINDING（F3，SHOULD_FIX；一併）**,| 20 | B7b | 邊個見到路人事件？晴有冇見？路人有冇留低（後續感激）？ | CDL-322（L79）三重解讀；Beat 表 B7b「混戰中操順手救一個路人（非刻意）」；B1「戰鬥途中人群唔喺場」 | 攻擊：「晴香解讀＝操心地善良」要晴見到；「操私下動搖」要路人事後真誠感激（路人要喺 B9「戰後安全區人群歡呼、求簽名」出現）。B7b 同 B1 嘅「人群唔喺場」撞：路人由邊度嚟？Beat 表冇答。攻擊成功。 | **FINDING（F3，SHOULD_FIX；一併）** |
B,168,6. 角度 20：Character Knowledge State（角色知情：,6,FINDING,20,B8,Beat 表 B8；CDL-050（L143）「勉強答應『暫時指導庶民』」；B7→B8 之間冇「邀請」beat；操喺 N3 唔喺場（SEQ2 只得晴、美）,攻擊：「答應入隊」要有「入隊邀請」＝一個資訊交換（邊個、咩隊、做咩）。Beat 表冇列。操對「隊」「使命」「貓識講嘢」「連結」一無所知（若冇人講）。佢「答應」係對**未收到嘅資訊**（邀請內容）作反應。攻擊成功。,**FINDING（F12，NEEDS_AUTHOR）**,| 20 | B8 | 操「震驚，傲嬌答應入隊」：邊個問咗佢？佢憑咩資訊答應？ | Beat 表 B8；CDL-050（L143）「勉強答應『暫時指導庶民』」；B7→B8 之間冇「邀請」beat；操喺 N3 唔喺場（SEQ2 只得晴、美） | 攻擊：「答應入隊」要有「入隊邀請」＝一個資訊交換（邊個、咩隊、做咩）。Beat 表冇列。操對「隊」「使命」「貓識講嘢」「連結」一無所知（若冇人講）。佢「答應」係對**未收到嘅資訊**（邀請內容）作反應。攻擊成功。 | **FINDING（F12，NEEDS_AUTHOR）** |
B,169,6. 角度 20：Character Knowledge State（角色知情：,6,CLEAN_AFTER_ATTACK,20,M1,Brief L11182；Beat 表 M1「槍耗盡，三人手震／疲＝被迫要補給同據點」,攻擊：「槍耗盡」假設三人都有槍；操入隊前係獨行俠（CDL-065），有冇同一類槍？canon 冇答。,CLEAN_AFTER_ATTACK（操嘅補給來源 canon 冇答，記入 §10 未列入關注點 3；唔影響 Beat 層）,| 20 | M1 | 美夜子、晴、操三人手震／疲：邊個知「葡萄糖槍」？ | Brief L11182；Beat 表 M1「槍耗盡，三人手震／疲＝被迫要補給同據點」 | 攻擊：「槍耗盡」假設三人都有槍；操入隊前係獨行俠（CDL-065），有冇同一類槍？canon 冇答。 | CLEAN_AFTER_ATTACK（操嘅補給來源 canon 冇答，記入 §10 未列入關注點 3；唔影響 Beat 層） |
B,170,6. 角度 20：Character Knowledge State（角色知情：,6,FINDING,20,M2,Beat 表 M2；`miyako.md` L180「燈塔效應揭示」同 N3 資訊流,攻擊：貓開口提議，操「嫌但自己選擇留低」＝操對「貓識講嘢」冇驚訝。Beat 表 B8（震驚）同 M2（嫌）之間，操幾時、點樣知道貓識講嘢？冇答。攻擊成功（併入 F12）。,**FINDING（F12 一併）**,| 20 | M2 | 美夜子「開路提議」；操「嫌」：操對講嘢嘅貓點反應？ | Beat 表 M2；`miyako.md` L180「燈塔效應揭示」同 N3 資訊流 | 攻擊：貓開口提議，操「嫌但自己選擇留低」＝操對「貓識講嘢」冇驚訝。Beat 表 B8（震驚）同 M2（嫌）之間，操幾時、點樣知道貓識講嘢？冇答。攻擊成功（併入 F12）。 | **FINDING（F12 一併）** |
B,171,6. 角度 20：Character Knowledge State（角色知情：,6,CLEAN_AFTER_ATTACK,20,M3,CDL-141（L254）「美夜子=專業潛行」；Beat 表 M3「保安巡邏險些撞上（外部隨機事件）」,攻擊：外部隨機事件＝角色不知（成立，符合 Consequence-Driven）；美夜子「專業潛行」但仍險些撞＝可接受。晴肚子叫＝晴無預見。,CLEAN_AFTER_ATTACK,| 20 | M3 | 保安險些撞：三人合作躲避——誰知保安路線？ | CDL-141（L254）「美夜子=專業潛行」；Beat 表 M3「保安巡邏險些撞上（外部隨機事件）」 | 攻擊：外部隨機事件＝角色不知（成立，符合 Consequence-Driven）；美夜子「專業潛行」但仍險些撞＝可接受。晴肚子叫＝晴無預見。 | CLEAN_AFTER_ATTACK |
B,173,6. 角度 20：Character Knowledge State（角色知情：,6,CLEAN_AFTER_ATTACK,20,H1,Beat 表 H1；Brief L6064「代價細到可以自欺：失眠、喉嚨偶爾有血腥味」；`ayakomoji_misao.md` L290「操以『完美外表形式主義』強行壓制，不向任何人提及」,攻擊：操「知」牙跌，但「知唔知因為魔法」未定。canon（Stage 1）寫「不向任何人提及」，冇寫操知唔知因由。Beat 層唔使決定；晴、美「不知」與設計一致（尾鉤設計：觀眾>角色）。無「對未收資訊作反應」。,CLEAN_AFTER_ATTACK,| 20 | H1 | 操「自己知並收埋」：操知咩？ | Beat 表 H1；Brief L6064「代價細到可以自欺：失眠、喉嚨偶爾有血腥味」；`ayakomoji_misao.md` L290「操以『完美外表形式主義』強行壓制，不向任何人提及」 | 攻擊：操「知」牙跌，但「知唔知因為魔法」未定。canon（Stage 1）寫「不向任何人提及」，冇寫操知唔知因由。Beat 層唔使決定；晴、美「不知」與設計一致（尾鉤設計：觀眾>角色）。無「對未收資訊作反應」。 | CLEAN_AFTER_ATTACK |
B,185,7. 角度 21：Audience Knowledge State（觀眾知情：逐,6,FINDING,21,N1,觀眾見：獨處、熱可可、手唔穩、倒影慢半拍。**唔知有「首戰」**。,觀眾知情 vs 目標：缺「首戰」呢個參照。見 F2。,**FINDING（F2；一併）**,| 21 | N1 | 「觀眾只需要知『晴香首戰後好驚』」（§A） | 觀眾見：獨處、熱可可、手唔穩、倒影慢半拍。**唔知有「首戰」**。 | 觀眾知情 vs 目標：缺「首戰」呢個參照。見 F2。 | **FINDING（F2；一併）** |
B,186,7. 角度 21：Audience Knowledge State（觀眾知情：逐,6,CLEAN_AFTER_ATTACK,21,N2–N4,N2 觀眾知晴驚；N3 觀眾同晴一樣被半真半假；N4 觀眾知晴快接受,攻擊：N4 嘅不安要求觀眾知「接受得過快」＝觀眾要比晴多知（知有嘢隱）。但 N3 觀眾冇比晴多（共同被誤導），所以觀眾**冇能力**判斷「過快」，只能靠情緒直覺（「佢唔怕咩？」）。呢個同「觀眾≈晴」嘅設計一致；「少少」靠 N2 baseline（佢驚過）。攻擊失敗，但 N3 嘅「視線／位置回避」若冇傳到，觀眾冇任何「美夜子藏嘢」嘅線索，N4 嘅「少少不安」就冇來源（只剩晴自己嘅過快接受）。,CLEAN_AFTER_ATTACK（附：N3 載體若失效，N4 不安失去一半來源）,| 21 | N2–N4 | 「驚由『強行正常』被身體／一句漏口出賣」；「接受得過快＝觀眾嘅少少不安」 | N2 觀眾知晴驚；N3 觀眾同晴一樣被半真半假；N4 觀眾知晴快接受 | 攻擊：N4 嘅不安要求觀眾知「接受得過快」＝觀眾要比晴多知（知有嘢隱）。但 N3 觀眾冇比晴多（共同被誤導），所以觀眾**冇能力**判斷「過快」，只能靠情緒直覺（「佢唔怕咩？」）。呢個同「觀眾≈晴」嘅設計一致；「少少」靠 N2 baseline（佢驚過）。攻擊失敗，但 N3 嘅「視線／位置回避」若冇傳到，觀眾冇任何「美夜子藏嘢」嘅線索，N4 嘅「少少不安」就冇來源（只剩晴自己嘅過快接受）。 | CLEAN_AFTER_ATTACK（附：N3 載體若失效，N4 不安失去一半來源） |
B,187,7. 角度 21：Audience Knowledge State（觀眾知情：逐,6,CLEAN_AFTER_ATTACK,21,B1–B4b,B1 觀眾可能見到暗紅光（**目標係「角色未察覺」，觀眾幾乎察覺唔到**，CDL-176）；B2 觀眾見咬唇（觀>晴）；B3–B4 觀眾≈晴；B4b 觀眾≈晴,攻擊：「暗紅光極難察覺」＝觀眾冇收到＝呢個 setup 喺 demo 內**對觀眾係零資訊**，payoff（Act III/IV 二周目）要玩家「第二次睇」。Demo 層面係設計意圖（CDL-176「二周目payoff」）；但 demo 作為一次性體驗，呢個 beat 對觀眾知情冇貢獻。,CLEAN_AFTER_ATTACK（呢個係設計意圖；只作標記）,| 21 | B1–B4b | 無明文目標（Beat 表只有 B1「暗紅光極難察覺」） | B1 觀眾可能見到暗紅光（**目標係「角色未察覺」，觀眾幾乎察覺唔到**，CDL-176）；B2 觀眾見咬唇（觀>晴）；B3–B4 觀眾≈晴；B4b 觀眾≈晴 | 攻擊：「暗紅光極難察覺」＝觀眾冇收到＝呢個 setup 喺 demo 內**對觀眾係零資訊**，payoff（Act III/IV 二周目）要玩家「第二次睇」。Demo 層面係設計意圖（CDL-176「二周目payoff」）；但 demo 作為一次性體驗，呢個 beat 對觀眾知情冇貢獻。 | CLEAN_AFTER_ATTACK（呢個係設計意圖；只作標記） |
B,188,7. 角度 21：Audience Knowledge State（觀眾知情：逐,6,FINDING,21,B5–B8,觀眾對操嘅知情：陌生人殺怪→中伏→被救→震驚→入隊。**觀眾唔知「冇得唔打」（F6）、唔知操係獨行（F6）、唔知操為咩在乎被擋（B7，操內心）**,攻擊：觀眾知情偏薄，操嘅「憑咩被打動」要靠行為載體；Beat 表 B7 同 B8 冇為操寫行為載體。,**FINDING（F6 一併）**,| 21 | B5–B8 | 無明文目標 | 觀眾對操嘅知情：陌生人殺怪→中伏→被救→震驚→入隊。**觀眾唔知「冇得唔打」（F6）、唔知操係獨行（F6）、唔知操為咩在乎被擋（B7，操內心）** | 攻擊：觀眾知情偏薄，操嘅「憑咩被打動」要靠行為載體；Beat 表 B7 同 B8 冇為操寫行為載體。 | **FINDING（F6 一併）** |
B,189,7. 角度 21：Audience Knowledge State（觀眾知情：逐,6,FINDING,21,B9,觀眾第一次見槍＋UI 結算＋歡呼,見 F5。,**FINDING（F5；一併）**,| 21 | B9 | 「葡萄糖槍餘量見底或晴香手震＝預埋」 | 觀眾第一次見槍＋UI 結算＋歡呼 | 見 F5。 | **FINDING（F5；一併）** |
B,190,7. 角度 21：Audience Knowledge State（觀眾知情：逐,6,FINDING,21,M1–M4,見 §2：M4 虛榮種子觀眾冇 baseline、冇 payoff,見 F4。,**FINDING（F4；一併）**,| 21 | M1–M4 | 無明文目標 | 見 §2：M4 虛榮種子觀眾冇 baseline、冇 payoff | 見 F4。 | **FINDING（F4；一併）** |
C,24,全局發現一覽（詳述喺各角度之後）,4,NEEDS_AUTHOR,F10,NEEDS_AUTHOR,,,11、28,| F10 | NEEDS_AUTHOR | 可樂失味：BS Beat 0d 當 Act II setup，BS Beat 3／OL 又放喺 Act I E-03；N1 熱可可 setup 嘅下游要作者定 | 11、28 |
C,25,全局發現一覽（詳述喺各角度之後）,4,NEEDS_AUTHOR,F11,NEEDS_AUTHOR,,,11、28,| F11 | NEEDS_AUTHOR | Brief 嘅 Act I 剝落步驟有「甜品掉牙」意象，同 canon md 嘅 Body Horror 分層矛盾，要作者定邊個贏 | 11、28 |
C,33,角度 6：Structural Beat Function,6,CLEAN_AFTER_ATTACK,6,N1,只憑 Beat 表＋BS 行 147–185（Beat 0d）：Beat 0d 原本係 SEQ1 後嘅「底色」beat，功能＝建立日常感，標 NOT_APPLICABLE,攻擊：demo 冇 SEQ1，觀眾冇見過「正常」嘅晴香，N1 嘅「努力正常」冇對照物，功能會跌成純旁白式交代,CLEAN_AFTER_ATTACK：攻擊係「冇對照物令 N1 冇戲」；但輸入包 §A 已固定「首戰後好驚由對話帶出」，而 N1 本身用身體層（手唔穩、倒影慢半拍）做可見載體，唔靠前情，功能（建立「強行正常」）喺 beat 內自足，攻唔入,| 6 | N1 | 夜·獨處（熱可可儀式＋餘波）喺 demo 開頭係咩功能：交代入場狀態？定係重複「晴香好驚」？ | 只憑 Beat 表＋BS 行 147–185（Beat 0d）：Beat 0d 原本係 SEQ1 後嘅「底色」beat，功能＝建立日常感，標 NOT_APPLICABLE | 攻擊：demo 冇 SEQ1，觀眾冇見過「正常」嘅晴香，N1 嘅「努力正常」冇對照物，功能會跌成純旁白式交代 | CLEAN_AFTER_ATTACK：攻擊係「冇對照物令 N1 冇戲」；但輸入包 §A 已固定「首戰後好驚由對話帶出」，而 N1 本身用身體層（手唔穩、倒影慢半拍）做可見載體，唔靠前情，功能（建立「強行正常」）喺 beat 內自足，攻唔入 |
C,34,角度 6：Structural Beat Function,6,FINDING,6,N2,BS 行 189–225（天台 beat）功能＝使命說明本身；行 195 標 NOT_APPLICABLE，行 198 reaction「晴香全盤接受」,攻擊：N2 同 N3 都喺同一個天台、同一組人；N2 若只係「驚被看穿」，同 N4「驚同接受並存」功能重疊，三個 beat 做同一件事,FINDING：NOTE。N2／N3／N4 係同一場戲拆三格，功能分界靠「驚」嘅露出程度分，BS 原本係單一 beat。建議喺 Beat 層明確寫每格「改變咗乜」（N2＝晴香嘅驚被美夜子識破但冇人講穿；N3＝世界規則輪廓；N4＝接受），否則落 Scene 層會變一場冇轉折嘅長對話。代價：多寫三行轉折定義；放棄：維持 beat 數量簡潔；同現狀分別：由「三個語氣不同嘅對話」變成「三個狀態轉折」,| 6 | N2 | 天台到場：係「驚被身體出賣」嘅 beat，定係「使命說明」前嘅過場？ | BS 行 189–225（天台 beat）功能＝使命說明本身；行 195 標 NOT_APPLICABLE，行 198 reaction「晴香全盤接受」 | 攻擊：N2 同 N3 都喺同一個天台、同一組人；N2 若只係「驚被看穿」，同 N4「驚同接受並存」功能重疊，三個 beat 做同一件事 | FINDING：NOTE。N2／N3／N4 係同一場戲拆三格，功能分界靠「驚」嘅露出程度分，BS 原本係單一 beat。建議喺 Beat 層明確寫每格「改變咗乜」（N2＝晴香嘅驚被美夜子識破但冇人講穿；N3＝世界規則輪廓；N4＝接受），否則落 Scene 層會變一場冇轉折嘅長對話。代價：多寫三行轉折定義；放棄：維持 beat 數量簡潔；同現狀分別：由「三個語氣不同嘅對話」變成「三個狀態轉折」 |
C,35,角度 6：Structural Beat Function,6,FINDING,6,N3,BS 行 195（`COST_SIGNAL_NOT_APPLICABLE——純資訊交付/對話 beat`）；v3 N3 寫「R（承 N2）」,攻擊：N3 純資訊交付，v3 標 R 但只靠「承 N2」；因為 demo 砍咗 E-01 交代，N3 要一次承擔全部世界規則輪廓，負載比 BS 原設計大,FINDING：SHOULD_FIX（併入 F4）。N3 功能係資訊 beat，標 R 唔誠實；如要保住功能，要喺 N3 內畀一個「資訊被迫講／被迫唔講」嘅外部壓力，否則標 N 並寫理由,| 6 | N3 | 使命說明係咪有獨立轉折？ | BS 行 195（`COST_SIGNAL_NOT_APPLICABLE——純資訊交付/對話 beat`）；v3 N3 寫「R（承 N2）」 | 攻擊：N3 純資訊交付，v3 標 R 但只靠「承 N2」；因為 demo 砍咗 E-01 交代，N3 要一次承擔全部世界規則輪廓，負載比 BS 原設計大 | FINDING：SHOULD_FIX（併入 F4）。N3 功能係資訊 beat，標 R 唔誠實；如要保住功能，要喺 N3 內畀一個「資訊被迫講／被迫唔講」嘅外部壓力，否則標 N 並寫理由 |
C,36,角度 6：Structural Beat Function,6,FINDING,6,N4,BS 行 115（Beat 1 turn：「天真全盤接受」）同行 198（天台 reaction「晴香全盤接受」）,攻擊：v3 引「Beat Sheet Beat 1 晴香欄」；實際該句喺 Beat 1 turn（行 115）同天台 reaction（行 198），冇「晴香欄」。引錯位置會令人以為接受係 Beat 1 已發生,FINDING：NOTE。上游引用不準：應改引 BS 行 198（天台）；N4 嘅 turn 功能成立（拯救者命中 CDL-053），只係出處標錯,| 6 | N4 | 追問＋接受：做「轉折」（接受）定「後果」？ | BS 行 115（Beat 1 turn：「天真全盤接受」）同行 198（天台 reaction「晴香全盤接受」） | 攻擊：v3 引「Beat Sheet Beat 1 晴香欄」；實際該句喺 Beat 1 turn（行 115）同天台 reaction（行 198），冇「晴香欄」。引錯位置會令人以為接受係 Beat 1 已發生 | FINDING：NOTE。上游引用不準：應改引 BS 行 198（天台）；N4 嘅 turn 功能成立（拯救者命中 CDL-053），只係出處標錯 |
C,37,角度 6：Structural Beat Function,6,CLEAN_AFTER_ATTACK,6,B1,OL 行 140（Beat 2 E-02：屍骸＝人形扭曲版）；CDL-073（行 171）UI；CDL-176（行 303）緋潮 Lv.1「極難察覺嘅暗紅光」,攻擊：B1 同時塞屍骸、UI、緋潮、晴香仍驚四樣，開場負載過重，戰鬥功能被世界展示蓋住,CLEAN_AFTER_ATTACK：攻擊「開場過載」；但緋潮係「克制／不干擾主畫面」（CDL-176 設計原則）、UI 係戰鬥載體本身，兩者都唔佔獨立時間，功能仍係「開戰」，攻唔入,| 6 | B1 | 首戰開場：係「戰鬥開始」定「世界規則展示」？（UI＋緋潮） | OL 行 140（Beat 2 E-02：屍骸＝人形扭曲版）；CDL-073（行 171）UI；CDL-176（行 303）緋潮 Lv.1「極難察覺嘅暗紅光」 | 攻擊：B1 同時塞屍骸、UI、緋潮、晴香仍驚四樣，開場負載過重，戰鬥功能被世界展示蓋住 | CLEAN_AFTER_ATTACK：攻擊「開場過載」；但緋潮係「克制／不干擾主畫面」（CDL-176 設計原則）、UI 係戰鬥載體本身，兩者都唔佔獨立時間，功能仍係「開戰」，攻唔入 |
C,38,角度 6：Structural Beat Function,6,FINDING,6,B2,CDL-083（行 183）「E-02首戰中：美夜子有一個非計劃內的即時保護晴香動作」；BS Beat 2（行 273–313）寫「非功利保護動作再現」,攻擊：BS 用「再現」，意思係 E-01 已有第一次；demo 冇 E-01，B2 變咗觀眾見到嘅第一次，但 N2 又可能已畀咗一次（見 F6），數就亂,FINDING：SHOULD_FIX（併入 F6）。要定清「觀眾第一次見美夜子身體動作」係 N2 定 B2，唔可以兩個都係「首次」,| 6 | B2 | 險中招＋美夜子擋：係「危機」定「CDL-083 呈現」？ | CDL-083（行 183）「E-02首戰中：美夜子有一個非計劃內的即時保護晴香動作」；BS Beat 2（行 273–313）寫「非功利保護動作再現」 | 攻擊：BS 用「再現」，意思係 E-01 已有第一次；demo 冇 E-01，B2 變咗觀眾見到嘅第一次，但 N2 又可能已畀咗一次（見 F6），數就亂 | FINDING：SHOULD_FIX（併入 F6）。要定清「觀眾第一次見美夜子身體動作」係 N2 定 B2，唔可以兩個都係「首次」 |
C,39,角度 6：Structural Beat Function,6,CLEAN_AFTER_ATTACK,6,B3,BS 行 273–313 動作序：link → 操介入 → 陷阱 → 晴香擋 → 操加入,攻擊：BS 序列係「連結→操介入」；v3 係「擋→連結（B3）→啟動（B4）→B4b 成效→操介入」，多咗 B4b，連結同操之間插咗一個「成效可見」，可能令操入場失去「晴香唔夠打」嘅緊逼,CLEAN_AFTER_ATTACK：攻擊「B4b 稀釋緊逼」；但 B4b 只係「壓住局面一下」，B5 操介入嘅外部原因（燈塔效應，CDL-064）本來就唔靠晴香落風，攻唔入,| 6 | B3 | 提出連結：功能係「轉折」（唔夠打→要連結）；因果由 B2 嘅擋而來？ | BS 行 273–313 動作序：link → 操介入 → 陷阱 → 晴香擋 → 操加入 | 攻擊：BS 序列係「連結→操介入」；v3 係「擋→連結（B3）→啟動（B4）→B4b 成效→操介入」，多咗 B4b，連結同操之間插咗一個「成效可見」，可能令操入場失去「晴香唔夠打」嘅緊逼 | CLEAN_AFTER_ATTACK：攻擊「B4b 稀釋緊逼」；但 B4b 只係「壓住局面一下」，B5 操介入嘅外部原因（燈塔效應，CDL-064）本來就唔靠晴香落風，攻唔入 |
C,40,角度 6：Structural Beat Function,6,FINDING,6,B4,CDL-084（行 184）「全句不超過一句話（極簡）；目的：讓觀眾記住『美夜子有秘密/過去』」,攻擊：一個 beat 疊「爽感（暴增）」同「秘密種子」，而且 demo 觀眾冇睇過 E-04 凜前史，種子冇下游承接,FINDING：NOTE。CDL-084 嘅 payoff 係「E-04 凜前史出現時觀眾記起」，demo 範圍內冇 E-04；種子照放可以，但要標「demo 內無回收，Full game 才有」，避免製作時以為要即時有回應,| 6 | B4 | 啟動：係「力量暴增」＋「凜一句」兩個功能疊喺一個 beat | CDL-084（行 184）「全句不超過一句話（極簡）；目的：讓觀眾記住『美夜子有秘密/過去』」 | 攻擊：一個 beat 疊「爽感（暴增）」同「秘密種子」，而且 demo 觀眾冇睇過 E-04 凜前史，種子冇下游承接 | FINDING：NOTE。CDL-084 嘅 payoff 係「E-04 凜前史出現時觀眾記起」，demo 範圍內冇 E-04；種子照放可以，但要標「demo 內無回收，Full game 才有」，避免製作時以為要即時有回應 |
C,41,角度 6：Structural Beat Function,6,FINDING,6,B4b,v3 自己寫「我加（防 O1 空）」；「O1」喺輸入包任何處冇定義,攻擊：功能理由引一個讀者睇唔到嘅標籤；B4b 同 B4 嘅「力量暴增」同一件事（暴增→睇到暴增）,FINDING：NOTE。B4b 同 B4 功能重疊，亦無上游；除非作者想要一個玩家上手連結力量嘅時間，否則可併入 B4,| 6 | B4b | 防空 beat：功能係咩？ | v3 自己寫「我加（防 O1 空）」；「O1」喺輸入包任何處冇定義 | 攻擊：功能理由引一個讀者睇唔到嘅標籤；B4b 同 B4 嘅「力量暴增」同一件事（暴增→睇到暴增） | FINDING：NOTE。B4b 同 B4 功能重疊，亦無上游；除非作者想要一個玩家上手連結力量嘅時間，否則可併入 B4 |
C,42,角度 6：Structural Beat Function,6,CLEAN_AFTER_ATTACK,6,B5,OL 行 140；BS Beat 2 序列「link → 操 intervenes → trap」,攻擊：v3 順序同 BS 一致，但 BS 嘅操係「見晴香用連結先介入」？燈塔效應（CDL-064 行 160）係操「冇得唔打」，同晴香無關，介入時間點要由屍骸而非連結決定,CLEAN_AFTER_ATTACK：攻擊「操介入嘅觸發係連結定屍骸」；CDL-064「成為全城魔法屍骸本能獵殺目標」支持屍骸驅動，v3 寫「燈塔效應，冇得唔打」同上游吻合，攻唔入,| 6 | B5 | 操介入：功能係「第三方入場」；原 Outline 嘅順序係咩？ | OL 行 140；BS Beat 2 序列「link → 操 intervenes → trap」 | 攻擊：v3 順序同 BS 一致，但 BS 嘅操係「見晴香用連結先介入」？燈塔效應（CDL-064 行 160）係操「冇得唔打」，同晴香無關，介入時間點要由屍骸而非連結決定 | CLEAN_AFTER_ATTACK：攻擊「操介入嘅觸發係連結定屍骸」；CDL-064「成為全城魔法屍骸本能獵殺目標」支持屍骸驅動，v3 寫「燈塔效應，冇得唔打」同上游吻合，攻唔入 |
C,43,角度 6：Structural Beat Function,6,CLEAN_AFTER_ATTACK,6,B6,OL 行 140「link proposed when 唔夠打」之後「trap」；v3 標「外部觸發＝屍骸伏擊」,攻擊：陷阱同 B1 屍骸係同一隻？「反撲」要有清楚因果（操殺屍骸過程中被伏擊），否則似劇本方便,CLEAN_AFTER_ATTACK：攻擊「陷阱係劇本方便」；因為 B5 操已介入獵殺，B6 係獵殺過程中嘅反撲，因果相連，攻唔入,| 6 | B6 | 陷阱：功能＝操受困，製造 B7 嘅需要 | OL 行 140「link proposed when 唔夠打」之後「trap」；v3 標「外部觸發＝屍骸伏擊」 | 攻擊：陷阱同 B1 屍骸係同一隻？「反撲」要有清楚因果（操殺屍骸過程中被伏擊），否則似劇本方便 | CLEAN_AFTER_ATTACK：攻擊「陷阱係劇本方便」；因為 B5 操已介入獵殺，B6 係獵殺過程中嘅反撲，因果相連，攻唔入 |
C,44,角度 6：Structural Beat Function,6,FINDING,6,B6b,v3「我加（四拍第 2 拍）」；consequence-driven-progression.md 四拍模板第 2 拍「Instinctive Reaction」,攻擊：B6b 同 B7 都係晴香衝去／擋，一個動作拆兩格,FINDING：NOTE。B6b＋B7 係同一反應鏈，拆開只為對應四拍模板，可併；如保留拆，要寫清 B6b＝衝去（本能）、B7＝擋（行動）嘅分別,| 6 | B6b | 「晴香見操受困本能衝去」：功能係咩？ | v3「我加（四拍第 2 拍）」；consequence-driven-progression.md 四拍模板第 2 拍「Instinctive Reaction」 | 攻擊：B6b 同 B7 都係晴香衝去／擋，一個動作拆兩格 | FINDING：NOTE。B6b＋B7 係同一反應鏈，拆開只為對應四拍模板，可併；如保留拆，要寫清 B6b＝衝去（本能）、B7＝擋（行動）嘅分別 |
C,45,角度 6：Structural Beat Function,6,FINDING,6,B7,CDL-050（行 143）；BS 行 273–313 序：「晴香 blocks → 操 joins」；CDL-065（行 161）「晴香『擋攻擊+問裙子』的衝擊感更強」,攻擊：B7 之後插 B7b（操救路人），令「擋＋問裙子」同「操震驚入隊」中間隔住一格，衝擊感被沖淡,FINDING：SHOULD_FIX（併入 F5）。B7→B8 係 CDL-065 要嘅「衝擊」因果對，B7b 插入會斷,| 6 | B7 | 晴香用身體擋＋「問裙子」：係 B8 嘅直接成因嗎？ | CDL-050（行 143）；BS 行 273–313 序：「晴香 blocks → 操 joins」；CDL-065（行 161）「晴香『擋攻擊+問裙子』的衝擊感更強」 | 攻擊：B7 之後插 B7b（操救路人），令「擋＋問裙子」同「操震驚入隊」中間隔住一格，衝擊感被沖淡 | FINDING：SHOULD_FIX（併入 F5）。B7→B8 係 CDL-065 要嘅「衝擊」因果對，B7b 插入會斷 |
C,46,角度 6：Structural Beat Function,6,FINDING,6,B7b,CDL-322（行 79）「用現有 E-02 事件，唔開新 beat」；三重解讀＝晴香／路人／操私下,攻擊：三重解讀要三個視點，v3 只得「順手救」一格；路人嘅事後感激無 beat；功能只完成咗三分一,FINDING：SHOULD_FIX（見 F5）,| 6 | B7b | 救路人：功能係「操嘅性格種子」 | CDL-322（行 79）「用現有 E-02 事件，唔開新 beat」；三重解讀＝晴香／路人／操私下 | 攻擊：三重解讀要三個視點，v3 只得「順手救」一格；路人嘅事後感激無 beat；功能只完成咗三分一 | FINDING：SHOULD_FIX（見 F5） |
C,47,角度 6：Structural Beat Function,6,CLEAN_AFTER_ATTACK,6,B8,CDL-050（行 143）；OL 行 140,攻擊：「傲嬌答應」係戰鬥未完結就答應，定戰鬥後答應？時序影響 B9 嘅功能,CLEAN_AFTER_ATTACK：攻擊「入隊時間點不明」；BS Beat 2 序列將「操 joins」放喺紫音出現同戰鬥結束之前，v3 B8 喺 B9（戰鬥結束）前，一致，攻唔入,| 6 | B8 | 操震驚入隊：係 Act I 嘅「關係轉折」 | CDL-050（行 143）；OL 行 140 | 攻擊：「傲嬌答應」係戰鬥未完結就答應，定戰鬥後答應？時序影響 B9 嘅功能 | CLEAN_AFTER_ATTACK：攻擊「入隊時間點不明」；BS Beat 2 序列將「操 joins」放喺紫音出現同戰鬥結束之前，v3 B8 喺 B9（戰鬥結束）前，一致，攻唔入 |
C,48,角度 6：Structural Beat Function,6,FINDING,6,B9,CDL-073（行 171）「NPC圍觀場景：戰鬥前後歡呼/求簽名」,攻擊：「預埋」（葡萄糖槍餘量見底／手震）係 orchestrator 加；一格內由戰鬥結束＋UI＋人群＋預埋四樣,FINDING：NOTE。「預埋」係 Beat 層合法功能，但 v3 冇標佢嘅 Cost Signal 分類，亦冇指明預埋點係回收 M1；建議喺 B9 寫明「預埋對應 M1」,| 6 | B9 | 戰鬥結束＋UI 結算＋預埋：功能疊三樣（結算／預埋／歡呼） | CDL-073（行 171）「NPC圍觀場景：戰鬥前後歡呼/求簽名」 | 攻擊：「預埋」（葡萄糖槍餘量見底／手震）係 orchestrator 加；一格內由戰鬥結束＋UI＋人群＋預埋四樣 | FINDING：NOTE。「預埋」係 Beat 層合法功能，但 v3 冇標佢嘅 Cost Signal 分類，亦冇指明預埋點係回收 M1；建議喺 B9 寫明「預埋對應 M1」 |
C,49,角度 6：Structural Beat Function,6,FINDING,6,B10,CDL-224（行 359）「Act I 的 Peak Moment of Doubt = E-02情緒連結首戰+E-03後遺症序列」；OL 行 136「勝利後的靜默」,攻擊：B10 暖收束＋尾鉤 H1 暗黑一點，結構係「暖→暗一滴」；但真正嘅 Peak 負載（E-03 後遺症）喺 demo 外，demo 冇 Peak，Act I 功能鏈斷喺中間,FINDING：NOTE。作者已決定暖收束；後果係 demo 唔承擔 CDL-224 嘅 Peak，要喺全故事版標 `REVALIDATE_REQUIRED`（E-03 嘅「偽亮色首次系統性裂縫」仍然需要由正式 Act I 承擔）,| 6 | B10 | 暖收束：功能係「換調性」；同 Peak Moment of Doubt 嘅關係 | CDL-224（行 359）「Act I 的 Peak Moment of Doubt = E-02情緒連結首戰+E-03後遺症序列」；OL 行 136「勝利後的靜默」 | 攻擊：B10 暖收束＋尾鉤 H1 暗黑一點，結構係「暖→暗一滴」；但真正嘅 Peak 負載（E-03 後遺症）喺 demo 外，demo 冇 Peak，Act I 功能鏈斷喺中間 | FINDING：NOTE。作者已決定暖收束；後果係 demo 唔承擔 CDL-224 嘅 Peak，要喺全故事版標 `REVALIDATE_REQUIRED`（E-03 嘅「偽亮色首次系統性裂縫」仍然需要由正式 Act I 承擔） |
C,50,角度 6：Structural Beat Function,6,CLEAN_AFTER_ATTACK,6,M1,CDL-141（行 254）「補給品嚴重短缺（低血糖/葡萄糖耗盡）驅動」；Brief 約 11224 行「選擇不是自由的，而是被迫的」,攻擊：M1 緊接暖收束 B10，由暖→被迫生存，調性急轉；M1 係 R，外部觸發係「槍耗盡」，但 B9 只「預埋」未見耗盡,CLEAN_AFTER_ATTACK：攻擊「M1 觸發懸空」；B9 嘅 UI 結算寫「葡萄糖槍餘量見底」就係觸發，M1 承 B9，攻唔入（前提：B9 預埋寫實）,| 6 | M1 | 戰後低血糖：功能係「驅動基地任務」 | CDL-141（行 254）「補給品嚴重短缺（低血糖/葡萄糖耗盡）驅動」；Brief 約 11224 行「選擇不是自由的，而是被迫的」 | 攻擊：M1 緊接暖收束 B10，由暖→被迫生存，調性急轉；M1 係 R，外部觸發係「槍耗盡」，但 B9 只「預埋」未見耗盡 | CLEAN_AFTER_ATTACK：攻擊「M1 觸發懸空」；B9 嘅 UI 結算寫「葡萄糖槍餘量見底」就係觸發，M1 承 B9，攻唔入（前提：B9 預埋寫實） |
C,51,角度 6：Structural Beat Function,6,FINDING,6,M2,CDL-141 分工；Brief 約 11224「選擇不是自由的，而是被迫的」；CDL-322（行 79）「Phase D 先第一次真正主動」,攻擊：「入隊後第一次主動」係 v3 自己加；CDL-322／323 嘅「第一次真正主動、有意識」係指 Phase D 幫陌生人，唔係 Act I 嘅留低,FINDING：NOTE。v3 標「入隊後第一次主動」同 CDL-322 嘅「Phase D 先第一次真正主動」用語衝突；建議改為「首次自己選擇留低」，避免被誤讀為 Phase D 弧線嘅提早消耗,| 6 | M2 | 決定夜潛：功能係「關係轉折」（操自己選擇留低） | CDL-141 分工；Brief 約 11224「選擇不是自由的，而是被迫的」；CDL-322（行 79）「Phase D 先第一次真正主動」 | 攻擊：「入隊後第一次主動」係 v3 自己加；CDL-322／323 嘅「第一次真正主動、有意識」係指 Phase D 幫陌生人，唔係 Act I 嘅留低 | FINDING：NOTE。v3 標「入隊後第一次主動」同 CDL-322 嘅「Phase D 先第一次真正主動」用語衝突；建議改為「首次自己選擇留低」，避免被誤讀為 Phase D 弧線嘅提早消耗 |
C,52,角度 6：Structural Beat Function,6,CLEAN_AFTER_ATTACK,6,M3,CDL-141 場景性質「被迫合作→荒謬生存→化學反應」,攻擊：三人版少咗紫音「暴躁差點破門」，M3 嘅險情只剩「保安＋肚子叫」，喜劇張力少一個角,CLEAN_AFTER_ATTACK：攻擊「張力少一個角」；M3 仍有外部隨機事件（保安）同「操被迫貼近」，CDL-141 分工喺三人版自然變體，攻唔入,| 6 | M3 | 潛入險情：功能係「被迫合作」 | CDL-141 場景性質「被迫合作→荒謬生存→化學反應」 | 攻擊：三人版少咗紫音「暴躁差點破門」，M3 嘅險情只剩「保安＋肚子叫」，喜劇張力少一個角 | CLEAN_AFTER_ATTACK：攻擊「張力少一個角」；M3 仍有外部隨機事件（保安）同「操被迫貼近」，CDL-141 分工喺三人版自然變體，攻唔入 |
C,53,角度 6：Structural Beat Function,6,FINDING,6,M4,CDL-141 全文後半「此基地之後會因為操虛榮心洩露而被摧毀」；CDL-317（行 84）「完全移除 E-05a 成個beat」,攻擊：種子指向一個已被刪除嘅 payoff（F3）,FINDING：SHOULD_FIX（見 F3）。M4 暖峰功能成立，但「虛榮種子」功能懸空,| 6 | M4 | 暖峰：功能係「化學反應」＋「虛榮種子」 | CDL-141 全文後半「此基地之後會因為操虛榮心洩露而被摧毀」；CDL-317（行 84）「完全移除 E-05a 成個beat」 | 攻擊：種子指向一個已被刪除嘅 payoff（F3） | FINDING：SHOULD_FIX（見 F3）。M4 暖峰功能成立，但「虛榮種子」功能懸空 |
C,54,角度 6：Structural Beat Function,6,FINDING,6,H1,A2 行 192（Stage 1 喺 E-07b）；CDL-233（行 369）Stage 1 Act II 前期,攻擊：功能「暖收束後一滴暗」好，但用咗 Act II 中期先有嘅牙齒事件（F1）,FINDING：BLOCKS_BEAT_LAYER（見 F1）,| 6 | H1 | 尾鉤：功能係「不安一滴」；同 Act I 全幕結構點係咪錯位 | A2 行 192（Stage 1 喺 E-07b）；CDL-233（行 369）Stage 1 Act II 前期 | 攻擊：功能「暖收束後一滴暗」好，但用咗 Act II 中期先有嘅牙齒事件（F1） | FINDING：BLOCKS_BEAT_LAYER（見 F1） |
C,62,角度 8：World Rule / Mechanic Pressure,6,CLEAN_AFTER_ATTACK,8,N1,OL 行 186：E-03「守恆定律 Layer 1 觸發（異常疲憊 + 可樂失味，現象層，無解釋）」；KNOWLEDGE_DEPENDENCY_MAP 寫 Layer 1＝「首次變身後異常疲憊現象」；ACT_I_ANGLE_MAP 將 Layer 1 設為現象層,攻擊：N1 嘅「身體沉重」同 Layer 1「異常疲憊」同一現象，但 canon 將首次觸發放喺 E-03（連結使用後），N1 係連結首次使用之前，等於提早觸發,CLEAN_AFTER_ATTACK：攻擊「提早觸發 Layer 1」；N1 嘅餘波對應 SEQ1「晴香首次變身戰鬥」，而 KNOWLEDGE_DEPENDENCY_MAP 將 Layer 1 定義為「首次變身後」，所以 N1 反而係 Layer 1 嘅正位；v3 寫「晴香自圓其說」亦保持現象層「觀眾感知但不理解」。注意：OL 行 186 將 Layer 1 綁喺 E-03 情緒連結後，canon 內部對「首次」有兩個錨點（變身後 vs 連結後）——記入 NEEDS_AUTHOR 一格，不當 FINDING,| 8 | N1 | 手唔穩、倒影慢半拍、身體沉重：呢啲「餘波」係咪會同守恆定律 Layer 1（E-03 先首次觸發）撞？ | OL 行 186：E-03「守恆定律 Layer 1 觸發（異常疲憊 + 可樂失味，現象層，無解釋）」；KNOWLEDGE_DEPENDENCY_MAP 寫 Layer 1＝「首次變身後異常疲憊現象」；ACT_I_ANGLE_MAP 將 Layer 1 設為現象層 | 攻擊：N1 嘅「身體沉重」同 Layer 1「異常疲憊」同一現象，但 canon 將首次觸發放喺 E-03（連結使用後），N1 係連結首次使用之前，等於提早觸發 | CLEAN_AFTER_ATTACK：攻擊「提早觸發 Layer 1」；N1 嘅餘波對應 SEQ1「晴香首次變身戰鬥」，而 KNOWLEDGE_DEPENDENCY_MAP 將 Layer 1 定義為「首次變身後」，所以 N1 反而係 Layer 1 嘅正位；v3 寫「晴香自圓其說」亦保持現象層「觀眾感知但不理解」。注意：OL 行 186 將 Layer 1 綁喺 E-03 情緒連結後，canon 內部對「首次」有兩個錨點（變身後 vs 連結後）——記入 NEEDS_AUTHOR 一格，不當 FINDING |
C,63,角度 8：World Rule / Mechanic Pressure,6,CLEAN_AFTER_ATTACK,8,N2,BS 行 198：「美夜子維持功利語氣，迴避守恆代價嘅提及」,攻擊：N2 要美夜子「功能性點出」晴香嘅驚，若點出過頭，會變成承認「變身有代價」，同「迴避守恆代價」撞,CLEAN_AFTER_ATTACK：攻擊「點出驚＝承認代價」；v3 寫明「唔講穿」、點出嘅係情緒（驚）而唔係守恆代價，同 BS 行 198 嘅迴避對象（守恆代價）唔同層，攻唔入,| 8 | N2 | 美夜子「功能性點出、唔安慰」：有冇世界規則（共謀誤導）被扯？ | BS 行 198：「美夜子維持功利語氣，迴避守恆代價嘅提及」 | 攻擊：N2 要美夜子「功能性點出」晴香嘅驚，若點出過頭，會變成承認「變身有代價」，同「迴避守恆代價」撞 | CLEAN_AFTER_ATTACK：攻擊「點出驚＝承認代價」；v3 寫明「唔講穿」、點出嘅係情緒（驚）而唔係守恆代價，同 BS 行 198 嘅迴避對象（守恆代價）唔同層，攻唔入 |
C,64,角度 8：World Rule / Mechanic Pressure,6,FINDING,8,N3,BS Beat 3（約行 399–437）「觀眾首次接收『魔法有代價』嘅世界規則暗示」；CDL-176（行 301）市民認知＝偽永動機,攻擊：「魔法有代價」嘅首次暗示 canon 放喺 E-03；N3 若講得出代價輪廓，會提早,FINDING：NOTE。N3 要守住「得輪廓、冇代價」：BS Beat 3 明確將「魔法有代價」嘅首次暗示留畀 E-03；demo 內 H1 亦會令觀眾見到身體代價，所以 N3 要刻意唔提，免得 N3＋H1 共同提早完成 E-03 嘅功能。建議喺 N3 加一句限制「唔交代代價」。代價：N3 資訊量更少；放棄：令觀眾早啲有概念；同現狀分別：由「輪廓」收窄為「使命＋身份」,| 8 | N3 | 世界規則輪廓：半真半假講維多利亞天使，觀眾得到咩規則？ | BS Beat 3（約行 399–437）「觀眾首次接收『魔法有代價』嘅世界規則暗示」；CDL-176（行 301）市民認知＝偽永動機 | 攻擊：「魔法有代價」嘅首次暗示 canon 放喺 E-03；N3 若講得出代價輪廓，會提早 | FINDING：NOTE。N3 要守住「得輪廓、冇代價」：BS Beat 3 明確將「魔法有代價」嘅首次暗示留畀 E-03；demo 內 H1 亦會令觀眾見到身體代價，所以 N3 要刻意唔提，免得 N3＋H1 共同提早完成 E-03 嘅功能。建議喺 N3 加一句限制「唔交代代價」。代價：N3 資訊量更少；放棄：令觀眾早啲有概念；同現狀分別：由「輪廓」收窄為「使命＋身份」 |
C,65,角度 8：World Rule / Mechanic Pressure,6,NOT_APPLICABLE,8,N4,BS 行 198；CDL-053,攻擊：晴香接受得快係性格（拯救者），唔係世界規則，N4 唔觸及規則壓力,NOT_APPLICABLE：N4 內容係「追問＋接受」，全屬人物反應，冇涉及魔法代價、血糖、直播 UI 任何一條規則；唯一可能觸及嘅「共謀誤導」係 N3 嘅內容,| 8 | N4 | 接受過快：同「共謀誤導」規則有冇衝突？ | BS 行 198；CDL-053 | 攻擊：晴香接受得快係性格（拯救者），唔係世界規則，N4 唔觸及規則壓力 | NOT_APPLICABLE：N4 內容係「追問＋接受」，全屬人物反應，冇涉及魔法代價、血糖、直播 UI 任何一條規則；唯一可能觸及嘅「共謀誤導」係 N3 嘅內容 |
C,66,角度 8：World Rule / Mechanic Pressure,6,FINDING,8,B1,CDL-073（行 171）「斬殺屍骸彈出『+100 Likes』……（Act I-III適用，Act III後揭露虛假）」；CDL-176（行 303）「E-02：地平線邊緣極難察覺的暗紅色光害（緋潮Lv.1）」；OL 行 140（屍骸＝人形扭曲版）；HARD_CONSTRAINTS_TABLE HC-4b（屍骸唔可寫成純怪物）,攻擊：v3 寫 UI「彈出」喺開戰；CDL-073 描述係斬殺時彈出，開戰彈出會令「刷數據」感提早；「人群唔喺場」令 NPC 圍觀（CDL-073 B 配合）只可以留喺戰後,FINDING：NOTE（F9）。UI 彈出時機建議限定為「首次擊殺／傷害時」而非開戰，令「將死亡包裝成刷數據」嘅不安（CDL-073 玩家認知錯位）有一個具體死亡時刻。代價：開場少一個視覺錨點；放棄：一開場就有 UI 辨識；分別：UI 同「殺」綁死，而非同「開戰」綁,| 8 | B1 | 直播 UI／緋潮／屍骸形態，三條世界規則有冇被扯？ | CDL-073（行 171）「斬殺屍骸彈出『+100 Likes』……（Act I-III適用，Act III後揭露虛假）」；CDL-176（行 303）「E-02：地平線邊緣極難察覺的暗紅色光害（緋潮Lv.1）」；OL 行 140（屍骸＝人形扭曲版）；HARD_CONSTRAINTS_TABLE HC-4b（屍骸唔可寫成純怪物） | 攻擊：v3 寫 UI「彈出」喺開戰；CDL-073 描述係斬殺時彈出，開戰彈出會令「刷數據」感提早；「人群唔喺場」令 NPC 圍觀（CDL-073 B 配合）只可以留喺戰後 | FINDING：NOTE（F9）。UI 彈出時機建議限定為「首次擊殺／傷害時」而非開戰，令「將死亡包裝成刷數據」嘅不安（CDL-073 玩家認知錯位）有一個具體死亡時刻。代價：開場少一個視覺錨點；放棄：一開場就有 UI 辨識；分別：UI 同「殺」綁死，而非同「開戰」綁 |
C,67,角度 8：World Rule / Mechanic Pressure,6,FINDING,8,B2,CDL-108（行 214）「Act I（全程）：美夜子維持貓形態，無人類形態暗示；戰鬥中以魔法防護行動（冰牆/爪擊/魔法光幕）；E-02 CDL-083『非功利保護動作』= 貓形態魔法防護執行（具體方式 btd）」,攻擊：「撲出」係貓身體撲，同「魔法防護」係兩種機制；「咬唇」係人類面部表情，貓形態「無人類形態暗示」,FINDING：NOTE（F8）。Beat 層要將「撲出擋」改為機制中性嘅「美夜子即時擋」，並留 Scene 層決定係魔法防護（CDL-108 要求）；「咬唇」要改成貓形態可行嘅身體信號。代價：Beat 失去一個具體畫面；放棄：咬唇嘅人性化；分別：由「人類肢體語言」變「貓形態可讀信號」,| 8 | B2 | 美夜子貓形態嘅「撲出擋」係咪合魔法防護規則？ | CDL-108（行 214）「Act I（全程）：美夜子維持貓形態，無人類形態暗示；戰鬥中以魔法防護行動（冰牆/爪擊/魔法光幕）；E-02 CDL-083『非功利保護動作』= 貓形態魔法防護執行（具體方式 btd）」 | 攻擊：「撲出」係貓身體撲，同「魔法防護」係兩種機制；「咬唇」係人類面部表情，貓形態「無人類形態暗示」 | FINDING：NOTE（F8）。Beat 層要將「撲出擋」改為機制中性嘅「美夜子即時擋」，並留 Scene 層決定係魔法防護（CDL-108 要求）；「咬唇」要改成貓形態可行嘅身體信號。代價：Beat 失去一個具體畫面；放棄：咬唇嘅人性化；分別：由「人類肢體語言」變「貓形態可讀信號」 |
C,68,角度 8：World Rule / Mechanic Pressure,6,CLEAN_AFTER_ATTACK,8,B3,BS Beat 2.5（行 315–355）：觀眾被故意引導誤讀紫音為「低血糖」（P-A04）；BS Beat 3 後遺症,攻擊：連結一用，canon 規定 E-03 先出後遺症；若 B3/B4 同場就有疲憊，會提早,CLEAN_AFTER_ATTACK：攻擊「連結即時有代價」；v3 B3 只提出、B4 啟動並「力量暴增」，冇寫即時代價，後遺症留俾 M1，同 BS Beat 3「情緒連結使用後」一致；M1 嘅位置要留意（見 M1）,| 8 | B3 | 提出連結：情緒連結嘅規則成本有冇被呈現／被隱藏？ | BS Beat 2.5（行 315–355）：觀眾被故意引導誤讀紫音為「低血糖」（P-A04）；BS Beat 3 後遺症 | 攻擊：連結一用，canon 規定 E-03 先出後遺症；若 B3/B4 同場就有疲憊，會提早 | CLEAN_AFTER_ATTACK：攻擊「連結即時有代價」；v3 B3 只提出、B4 啟動並「力量暴增」，冇寫即時代價，後遺症留俾 M1，同 BS Beat 3「情緒連結使用後」一致；M1 嘅位置要留意（見 M1） |
C,69,角度 8：World Rule / Mechanic Pressure,6,NEEDS_AUTHOR,8,B4,OL 行 186；CDL-224（行 359）「E-02情緒連結首戰+E-03後遺症序列」,攻擊：「力量暴增」係單向收益描述，規則上缺「連結需要對象情緒狀態」等限制，會令連結變成純 buff，之後 Layer 1 代價顯得像懲罰而唔係守恆,NEEDS_AUTHOR：canon 冇規定連結啟動嘅即時規則限制（只有後遺症）；Beat 層要唔要寫「連結有即時限制」係作者決定,| 8 | B4 | 連結啟動規則：力量暴增有冇對應「連結使用後 Layer 1」？ | OL 行 186；CDL-224（行 359）「E-02情緒連結首戰+E-03後遺症序列」 | 攻擊：「力量暴增」係單向收益描述，規則上缺「連結需要對象情緒狀態」等限制，會令連結變成純 buff，之後 Layer 1 代價顯得像懲罰而唔係守恆 | NEEDS_AUTHOR：canon 冇規定連結啟動嘅即時規則限制（只有後遺症）；Beat 層要唔要寫「連結有即時限制」係作者決定 |
C,70,角度 8：World Rule / Mechanic Pressure,6,CLEAN_AFTER_ATTACK,8,B4b,CDL-114（行 221）：血糖 <70 mg/dL 黑白畫面＋手震；CDL-110（行 216）CGM 手錶,攻擊：晴香喺 B1 已「仍帶驚」，連番戰鬥下血糖應該有壓力，B4b 嘅「壓住局面」冇交代資源消耗,CLEAN_AFTER_ATTACK：攻擊「無資源壓力」；B4b 只係一下，血糖壓力由 B9 預埋、M1 兌現，Beat 層唔需要每格重複，攻唔入,| 8 | B4b | 「壓住局面一下」：同 MP＝血糖有冇矛盾？ | CDL-114（行 221）：血糖 <70 mg/dL 黑白畫面＋手震；CDL-110（行 216）CGM 手錶 | 攻擊：晴香喺 B1 已「仍帶驚」，連番戰鬥下血糖應該有壓力，B4b 嘅「壓住局面」冇交代資源消耗 | CLEAN_AFTER_ATTACK：攻擊「無資源壓力」；B4b 只係一下，血糖壓力由 B9 預埋、M1 兌現，Beat 層唔需要每格重複，攻唔入 |
C,71,角度 8：World Rule / Mechanic Pressure,6,FINDING,8,B5,CDL-064（行 160）「持有者……成為全城魔法屍骸本能獵殺目標；操啟動裝置維持變身後無可避免成為活靶」,攻擊：燈塔效應係潛意識層規則，肉眼睇唔到；除非屍骸明顯向操聚集，觀眾只見「操自己出手」，規則冇被呈現,FINDING：NOTE。建議 Beat 層要求「屍骸視線／走向偏向操」作行為載體（唔係鏡頭）。代價：要有多隻屍骸或清楚追逐；放棄：單屍骸簡單戰鬥；分別：由「操主動打」變「操被引力捉住」，同 CDL-063 嘅「冇觀眾嘅表演」形式主義亦對得上,| 8 | B5 | 燈塔效應規則：操點解「冇得唔打」睇得到嗎？ | CDL-064（行 160）「持有者……成為全城魔法屍骸本能獵殺目標；操啟動裝置維持變身後無可避免成為活靶」 | 攻擊：燈塔效應係潛意識層規則，肉眼睇唔到；除非屍骸明顯向操聚集，觀眾只見「操自己出手」，規則冇被呈現 | FINDING：NOTE。建議 Beat 層要求「屍骸視線／走向偏向操」作行為載體（唔係鏡頭）。代價：要有多隻屍骸或清楚追逐；放棄：單屍骸簡單戰鬥；分別：由「操主動打」變「操被引力捉住」，同 CDL-063 嘅「冇觀眾嘅表演」形式主義亦對得上 |
C,72,角度 8：World Rule / Mechanic Pressure,6,CLEAN_AFTER_ATTACK,8,B6,OL 行 140：屍骸＝「人形扭曲版（被強烈情緒佔據的人）」；HC-4b,攻擊：屍骸「設陷阱」係策略性，同「被情緒佔據」嘅本能性有張力,CLEAN_AFTER_ATTACK：攻擊「設伏過分聰明」；v3 寫「屍骸反撲／伏擊」，BS 行 273–313 亦有「trap」，canon 本身已接受，而伏擊可以係情緒驅動嘅集體反應而非計謀，攻唔入,| 8 | B6 | 陷阱：屍骸會設伏，同屍骸規則（人形扭曲、被強烈情緒佔據）有冇撞？ | OL 行 140：屍骸＝「人形扭曲版（被強烈情緒佔據的人）」；HC-4b | 攻擊：屍骸「設陷阱」係策略性，同「被情緒佔據」嘅本能性有張力 | CLEAN_AFTER_ATTACK：攻擊「設伏過分聰明」；v3 寫「屍骸反撲／伏擊」，BS 行 273–313 亦有「trap」，canon 本身已接受，而伏擊可以係情緒驅動嘅集體反應而非計謀，攻唔入 |
C,73,角度 8：World Rule / Mechanic Pressure,6,NEEDS_AUTHOR,8,B6b／B7,CDL-050（行 143）；CDL-065（行 161）「晴香『擋攻擊+問裙子』」,攻擊：晴香係魔法少女，變身後身體唔應該「純肉擋」；若冇力量保護，「受擊」要有身體傷害規則,NEEDS_AUTHOR：canon 冇寫晴香擋時有冇變身防護；「受擊」程度（皮外傷定重傷）影響之後 M1 嘅身體狀態，要作者定,| 8 | B6b／B7 | 晴香「來不及用力量，靠位置／時間」擋：同魔法規則有冇矛盾？ | CDL-050（行 143）；CDL-065（行 161）「晴香『擋攻擊+問裙子』」 | 攻擊：晴香係魔法少女，變身後身體唔應該「純肉擋」；若冇力量保護，「受擊」要有身體傷害規則 | NEEDS_AUTHOR：canon 冇寫晴香擋時有冇變身防護；「受擊」程度（皮外傷定重傷）影響之後 M1 嘅身體狀態，要作者定 |
C,74,角度 8：World Rule / Mechanic Pressure,6,FINDING,8,B7b,v3 B1「戰鬥途中人群唔喺場」；CDL-073「NPC圍觀（戰鬥前後）」；CDL-322（行 79）,攻擊：B1 設定戰鬥途中冇人，B7b 要有路人，兩條設定互撞；除非有「落單／遲疏散」嘅解釋,FINDING：SHOULD_FIX（併入 F5）。要補一句「點解有路人喺場」嘅世界解釋（例如疏散不完全），否則制度（人群疏散規則）自相矛盾,| 8 | B7b | 路人喺戰場：世界規則（人群唔喺場）有冇撞？ | v3 B1「戰鬥途中人群唔喺場」；CDL-073「NPC圍觀（戰鬥前後）」；CDL-322（行 79） | 攻擊：B1 設定戰鬥途中冇人，B7b 要有路人，兩條設定互撞；除非有「落單／遲疏散」嘅解釋 | FINDING：SHOULD_FIX（併入 F5）。要補一句「點解有路人喺場」嘅世界解釋（例如疏散不完全），否則制度（人群疏散規則）自相矛盾 |
C,75,角度 8：World Rule / Mechanic Pressure,6,FINDING,8,B9,CDL-114（行 221）；Brief 約 11182 行葡萄糖槍／CGM 手錶；CDL-110（行 216）手錶來自秋穗,攻擊：葡萄糖槍係緊急補充；「餘量見底」要係 B1–B8 內有用過先成立，但 v3 冇一格寫「用槍」,FINDING：SHOULD_FIX。B9 嘅「槍餘量見底」冇上游使用 beat；要麼喺 B4/B4b 加一個補充動作，要麼改為「手震」單獨預埋。代價：多一個動作 beat；放棄：槍嘅視覺預埋；分別：預埋由「未見用過卻見底」變成「用過所以見底」,| 8 | B9 | UI 結算＋葡萄糖槍預埋：同 MP＝血糖／葡萄糖槍規則有冇對應？ | CDL-114（行 221）；Brief 約 11182 行葡萄糖槍／CGM 手錶；CDL-110（行 216）手錶來自秋穗 | 攻擊：葡萄糖槍係緊急補充；「餘量見底」要係 B1–B8 內有用過先成立，但 v3 冇一格寫「用槍」 | FINDING：SHOULD_FIX。B9 嘅「槍餘量見底」冇上游使用 beat；要麼喺 B4/B4b 加一個補充動作，要麼改為「手震」單獨預埋。代價：多一個動作 beat；放棄：槍嘅視覺預埋；分別：預埋由「未見用過卻見底」變成「用過所以見底」 |
C,76,角度 8：World Rule / Mechanic Pressure,6,FINDING,8,M1,CDL-114（行 221）；canon/01_world_rules_and_costs.md 約行 380–396 將血糖列為「生理表現」；CDL-141（行 254）「補給品嚴重短缺（低血糖/葡萄糖耗盡）」,攻擊：美夜子係貓形態，canon 中魔力＝血糖機制針對少女；貓手震無規則支持。v3 寫「三人手震」包括美夜子,FINDING：NOTE。CDL-141 原文係四人版「少女需要」；三人版要定美夜子點受影響（作為魔力提供者、定同樣血糖機制）。如果唔想引入「貓都血糖」規則，M1 要寫「晴香＋操手震、美夜子疲／擔心」。代價：少一個身體畫面；放棄：三人對稱；分別：不新增未經 canon 確認嘅規則,| 8 | M1 | 低血糖：三人（包括貓）手震，同規則有冇撞？ | CDL-114（行 221）；canon/01_world_rules_and_costs.md 約行 380–396 將血糖列為「生理表現」；CDL-141（行 254）「補給品嚴重短缺（低血糖/葡萄糖耗盡）」 | 攻擊：美夜子係貓形態，canon 中魔力＝血糖機制針對少女；貓手震無規則支持。v3 寫「三人手震」包括美夜子 | FINDING：NOTE。CDL-141 原文係四人版「少女需要」；三人版要定美夜子點受影響（作為魔力提供者、定同樣血糖機制）。如果唔想引入「貓都血糖」規則，M1 要寫「晴香＋操手震、美夜子疲／擔心」。代價：少一個身體畫面；放棄：三人對稱；分別：不新增未經 canon 確認嘅規則 |
C,77,角度 8：World Rule / Mechanic Pressure,6,FINDING,8,M2,Brief 約 11224 行：mission goal「醫療室（葡萄糖針劑）+ 化學實驗室 + 備用家具」,攻擊：M2/M3/M4 嘅目標只寫「據點」，冇寫「葡萄糖針劑」，血糖壓力喺搬運佈置中消失，之後 H1 卻用「低血糖」做原因，邏輯斷鏈,FINDING：SHOULD_FIX（併入 F2）。M 序列要指明「補給目標（葡萄糖針劑）達成」，否則 M1 嘅 R 冇回收,| 8 | M2 | 夜潛學校：資源驅動嘅合理性（醫療室葡萄糖針劑） | Brief 約 11224 行：mission goal「醫療室（葡萄糖針劑）+ 化學實驗室 + 備用家具」 | 攻擊：M2/M3/M4 嘅目標只寫「據點」，冇寫「葡萄糖針劑」，血糖壓力喺搬運佈置中消失，之後 H1 卻用「低血糖」做原因，邏輯斷鏈 | FINDING：SHOULD_FIX（併入 F2）。M 序列要指明「補給目標（葡萄糖針劑）達成」，否則 M1 嘅 R 冇回收 |
C,78,角度 8：World Rule / Mechanic Pressure,6,CLEAN_AFTER_ATTACK,8,M3,Brief 常見症狀「手震無法跑動」（Brief 約 6040–6100 行症狀列表）,攻擊：M1 手震、M3 潛入需要敏捷；若晴香手震仍然閃避，規則被忽略,CLEAN_AFTER_ATTACK：攻擊「手震被忽略」；v3 M3 寫「險些撞上、三人臨時合作躲避」，躲避可以係「藏」而非「跑」，同 Brief「手震無法跑動」兼容，攻唔入（前提：Scene 層唔寫跑）,| 8 | M3 | 保安巡邏＋肚子叫：血糖手震對「潛入」嘅壓力 | Brief 常見症狀「手震無法跑動」（Brief 約 6040–6100 行症狀列表） | 攻擊：M1 手震、M3 潛入需要敏捷；若晴香手震仍然閃避，規則被忽略 | CLEAN_AFTER_ATTACK：攻擊「手震被忽略」；v3 M3 寫「險些撞上、三人臨時合作躲避」，躲避可以係「藏」而非「跑」，同 Brief「手震無法跑動」兼容，攻唔入（前提：Scene 層唔寫跑） |
C,79,角度 8：World Rule / Mechanic Pressure,6,NOT_APPLICABLE,8,M4,CDL-141,攻擊：同 M2，補給物資冇指定,NOT_APPLICABLE：M4 內容係「搬運、佈置成型」＋暖峰，血糖規則已由 M2/M3 嘅目標欄位承擔，M4 本身冇新機制；唔重複計入,| 8 | M4 | 搬運佈置：血糖壓力嘅回收 | CDL-141 | 攻擊：同 M2，補給物資冇指定 | NOT_APPLICABLE：M4 內容係「搬運、佈置成型」＋暖峰，血糖規則已由 M2/M3 嘅目標欄位承擔，M4 本身冇新機制；唔重複計入 |
C,80,角度 8：World Rule / Mechanic Pressure,6,FINDING,8,H1,CDL-233（行 369）Stage 1「操魔法過度使用後出現牙齦滲血……守恆定律Layer 1物理代價具現」；Stage 2a「牙齒開始鬆動甚至脫落」；Brief 約 6040–6100 行：中期牙齦出血、後期「牙齒鬆動甚至脫落」；「先處理現場才掉牙、失聲」（身體延遲）,攻擊：v3 Cost Signal 寫「連番魔法＋低血糖嘅延遲身體代價」。canon 將牙齒歸於「魔法過度消耗」，血糖係獨立症狀（手震／黑白畫面）；兩個因果混埋，而且 M4 已經補給解決血糖,FINDING：SHOULD_FIX（F2）。H1 嘅成因標籤要改成「連番魔法過度消耗嘅延遲身體代價」，唔好掛血糖；同時要承認 CDL-233 將呢類代價放 Act II（見 F1）。代價：失去「M1 低血糖→H1 掉牙」嘅單線因果感；放棄：用血糖當敘事橋；分別：由「補給解決咗血糖，牙齒仍然跌」變成「補給解決唔到嘅另一種代價」，反而令「魔法有補給解決唔到嘅代價」更尖銳,| 8 | H1 | 掉牙：魔法代價機制點解成立？ | CDL-233（行 369）Stage 1「操魔法過度使用後出現牙齦滲血……守恆定律Layer 1物理代價具現」；Stage 2a「牙齒開始鬆動甚至脫落」；Brief 約 6040–6100 行：中期牙齦出血、後期「牙齒鬆動甚至脫落」；「先處理現場才掉牙、失聲」（身體延遲） | 攻擊：v3 Cost Signal 寫「連番魔法＋低血糖嘅延遲身體代價」。canon 將牙齒歸於「魔法過度消耗」，血糖係獨立症狀（手震／黑白畫面）；兩個因果混埋，而且 M4 已經補給解決血糖 | FINDING：SHOULD_FIX（F2）。H1 嘅成因標籤要改成「連番魔法過度消耗嘅延遲身體代價」，唔好掛血糖；同時要承認 CDL-233 將呢類代價放 Act II（見 F1）。代價：失去「M1 低血糖→H1 掉牙」嘅單線因果感；放棄：用血糖當敘事橋；分別：由「補給解決咗血糖，牙齒仍然跌」變成「補給解決唔到嘅另一種代價」，反而令「魔法有補給解決唔到嘅代價」更尖銳 |
C,88,角度 11：Canon / Continuity / Ownership,6,FINDING,11,N1,BS 行 147–185（Beat 0d）：標 NOT_APPLICABLE，「無台詞，純視覺」，setup/payoff 指向 Act II 可樂失味；BS Beat 3（約行 403）及 OL 行 186 又將「可樂失味」放喺 Act I E-03,攻擊：canon 對可樂失味落點有兩個版本（Act II vs Act I E-03），N1 將熱可可當「Act II 可樂失味 setup」係揀咗一邊而冇講；Beat 0d 原本「無台詞」，N1 加咗「手唔穩、倒影慢半拍」等身體層，係擴寫,FINDING：NOTE（F10 相關，NEEDS_AUTHOR）。熱可可 setup 嘅下游係 Act II 定 Act I E-03，canon 內部未統一；N1 要標清「按邊個版本」。另外 N1 比 Beat 0d 多咗身體異常，要標為 demo 擴寫，唔好當 Beat 0d 原文,| 11 | N1 | 宣稱上游「Outline Beat 0d／CDL-123；熱可可＝Act II 可樂失味 setup」係咪引得啱？ | BS 行 147–185（Beat 0d）：標 NOT_APPLICABLE，「無台詞，純視覺」，setup/payoff 指向 Act II 可樂失味；BS Beat 3（約行 403）及 OL 行 186 又將「可樂失味」放喺 Act I E-03 | 攻擊：canon 對可樂失味落點有兩個版本（Act II vs Act I E-03），N1 將熱可可當「Act II 可樂失味 setup」係揀咗一邊而冇講；Beat 0d 原本「無台詞」，N1 加咗「手唔穩、倒影慢半拍」等身體層，係擴寫 | FINDING：NOTE（F10 相關，NEEDS_AUTHOR）。熱可可 setup 嘅下游係 Act II 定 Act I E-03，canon 內部未統一；N1 要標清「按邊個版本」。另外 N1 比 Beat 0d 多咗身體異常，要標為 demo 擴寫，唔好當 Beat 0d 原文 |
C,89,角度 11：Canon / Continuity / Ownership,6,FINDING,11,N2,CDL-060（行 155）；CDL-103（行 208）；BS 天台 beat 行 189–225：美夜子「安全錨點」「未表露」,攻擊：v3 N2 加「口否認、身體守：例如選避風位／順手擋風，optional」。BS 天台寫安全錨點「未表露」，CDL-083（行 183）又寫 E-02 先係「首個具體呈現節點」。N2 嘅擋風＝提前表露,FINDING：SHOULD_FIX（F6）。建議取消 N2 嘅「擋風」（保留「功能性冷」）。代價：N2 少一個暖點，失去早鋪「身體守」嘅好處；放棄：美夜子喺天台已經有人味；同現狀分別：B2 先係觀眾第一次見美夜子身體保護，衝擊力保留；亦同 BS 行「未表露」一致。如作者想保留，需 NEEDS_AUTHOR 改寫 CDL-083 嘅「首個」定義,| 11 | N2 | 「CDL-103；CDL-060；無論如何都笑」係咪引得啱，尤其係美夜子冷／功能性？ | CDL-060（行 155）；CDL-103（行 208）；BS 天台 beat 行 189–225：美夜子「安全錨點」「未表露」 | 攻擊：v3 N2 加「口否認、身體守：例如選避風位／順手擋風，optional」。BS 天台寫安全錨點「未表露」，CDL-083（行 183）又寫 E-02 先係「首個具體呈現節點」。N2 嘅擋風＝提前表露 | FINDING：SHOULD_FIX（F6）。建議取消 N2 嘅「擋風」（保留「功能性冷」）。代價：N2 少一個暖點，失去早鋪「身體守」嘅好處；放棄：美夜子喺天台已經有人味；同現狀分別：B2 先係觀眾第一次見美夜子身體保護，衝擊力保留；亦同 BS 行「未表露」一致。如作者想保留，需 NEEDS_AUTHOR 改寫 CDL-083 嘅「首個」定義 |
C,90,角度 11：Canon / Continuity / Ownership,6,FINDING,11,N3,我讀到 CDL-053/054/055 位於行 147–149、CDL-095 位於行 198（只核對編號位置，內容以 BS 行 195／198 交叉）；v3 N3 加「震驚+好奇」似應引 CDL-095,攻擊：N3 同 N2 共引 CDL-095 未見；而 N2 原本應該引 CDL-095（「震驚＋好奇」）卻引 CDL-103,FINDING：NOTE。上游標籤分配疑錯位：N2／N3 嘅 CDL 引用需要對返原文（我確認 CDL-095 同 CDL-053/054/055 行位，但冇逐條核對其內容與 v3 beat 嘅一一對應，標明「核對不完整」）,| 11 | N3 | 「CDL-055/095/054」：半真半假講使命，上游係咪支持「共謀誤導唔講穿」？ | 我讀到 CDL-053/054/055 位於行 147–149、CDL-095 位於行 198（只核對編號位置，內容以 BS 行 195／198 交叉）；v3 N3 加「震驚+好奇」似應引 CDL-095 | 攻擊：N3 同 N2 共引 CDL-095 未見；而 N2 原本應該引 CDL-095（「震驚＋好奇」）卻引 CDL-103 | FINDING：NOTE。上游標籤分配疑錯位：N2／N3 嘅 CDL 引用需要對返原文（我確認 CDL-095 同 CDL-053/054/055 行位，但冇逐條核對其內容與 v3 beat 嘅一一對應，標明「核對不完整」） |
C,91,角度 11：Canon / Continuity / Ownership,6,FINDING,11,N4,BS 行 115（Beat 1 turn）寫：「由被迫求生反應，轉化為對『維多利亞天使』身份嘅天真全盤接受」；BS 行 198（天台 reaction）：「晴香全盤接受（拯救者情結命中）」,攻擊：Beat Sheet 冇「晴香欄」；兩處都有「全盤接受」，但 Beat 1 係 SEQ1（demo 外）嘅 turn，天台 reaction 先係 N4 對應位置,FINDING：NOTE（併入 angle 6 N4）。改引行 198；亦要指出：「全盤接受」喺 BS 同時出現在 Beat 1 turn 同天台，意味 BS 本身將「接受」放兩次，demo 只保留天台嗰次，Beat 1 嗰次被砍，N4 實際承擔咗兩次份量,| 11 | N4 | 「CDL-053；『全盤接受』＝Beat Sheet Beat 1 晴香欄」：引文位置啱唔啱？ | BS 行 115（Beat 1 turn）寫：「由被迫求生反應，轉化為對『維多利亞天使』身份嘅天真全盤接受」；BS 行 198（天台 reaction）：「晴香全盤接受（拯救者情結命中）」 | 攻擊：Beat Sheet 冇「晴香欄」；兩處都有「全盤接受」，但 Beat 1 係 SEQ1（demo 外）嘅 turn，天台 reaction 先係 N4 對應位置 | FINDING：NOTE（併入 angle 6 N4）。改引行 198；亦要指出：「全盤接受」喺 BS 同時出現在 Beat 1 turn 同天台，意味 BS 本身將「接受」放兩次，demo 只保留天台嗰次，Beat 1 嗰次被砍，N4 實際承擔咗兩次份量 |
C,92,角度 11：Canon / Continuity / Ownership,6,CLEAN_AFTER_ATTACK,11,B1,OL 行 140：「人形扭曲版（被強烈情緒佔據的人）」；CDL-073（行 171）；CDL-176（行 303）「E-02：……（緋潮Lv.1）」,攻擊：CDL-176 設計原則「角色未察覺」；v3 寫「戰場遠景極難察覺嘅暗紅光」符合，但 CDL-176 同行寫 E-02 同 E-04 強度遞增，demo 若 E-04 缺席，Lv.1 變成孤立一次，二周目 payoff（「由第一集第一場戰鬥開始」）仍然成立,CLEAN_AFTER_ATTACK：攻擊「Lv.1 孤立」；CDL-176 二周目 payoff 本來就係回看第一場戰鬥，demo 保留 Lv.1 恰好係 payoff 嘅錨點，同 canon 一致，攻唔入。UI 彈出時機見 angle 8 F9,| 11 | B1 | 「Outline Beat 2 事件／CDL-073／CDL-176」係咪引得準，尤其屍骸「人形扭曲」同直播 UI 開戰彈出？ | OL 行 140：「人形扭曲版（被強烈情緒佔據的人）」；CDL-073（行 171）；CDL-176（行 303）「E-02：……（緋潮Lv.1）」 | 攻擊：CDL-176 設計原則「角色未察覺」；v3 寫「戰場遠景極難察覺嘅暗紅光」符合，但 CDL-176 同行寫 E-02 同 E-04 強度遞增，demo 若 E-04 缺席，Lv.1 變成孤立一次，二周目 payoff（「由第一集第一場戰鬥開始」）仍然成立 | CLEAN_AFTER_ATTACK：攻擊「Lv.1 孤立」；CDL-176 二周目 payoff 本來就係回看第一場戰鬥，demo 保留 Lv.1 恰好係 payoff 嘅錨點，同 canon 一致，攻唔入。UI 彈出時機見 angle 8 F9 |
C,93,角度 11：Canon / Continuity / Ownership,6,NEEDS_AUTHOR,11,B2,CDL-083（行 183）；BS Beat 2「美夜子非功利保護動作再現」；CDL-108（行 214）全程貓形態,攻擊：BS 寫「再現」暗示前面有第一次（E-01）；CDL-083 寫 E-02 係「首個具體呈現節點」——canon 內部「首次」定義有矛盾；demo 刪咗 E-01，B2 事實上變成首次,NEEDS_AUTHOR。BS 同 CDL-083 對「首次」嘅講法唔一致；demo 版本以 B2 為首次的話，要作者確認 BS「再現」字樣係過時定係指另一個更早嘅動作（已併入 F6 前提）,| 11 | B2 | 美夜子 ownership：擋人動作係邊個角色嘅「首個非功利動作」？ | CDL-083（行 183）；BS Beat 2「美夜子非功利保護動作再現」；CDL-108（行 214）全程貓形態 | 攻擊：BS 寫「再現」暗示前面有第一次（E-01）；CDL-083 寫 E-02 係「首個具體呈現節點」——canon 內部「首次」定義有矛盾；demo 刪咗 E-01，B2 事實上變成首次 | NEEDS_AUTHOR。BS 同 CDL-083 對「首次」嘅講法唔一致；demo 版本以 B2 為首次的話，要作者確認 BS「再現」字樣係過時定係指另一個更早嘅動作（已併入 F6 前提） |
C,94,角度 11：Canon / Continuity / Ownership,6,CLEAN_AFTER_ATTACK,11,B3,OL 行 140「link proposed when 唔夠打；凜 line at proposal」；BS 行 273–313 動作序 link 在 操 intervenes 之前,攻擊：v3 B3「擋完形勢仍不利」→提出；OL 係「唔夠打」時提出，同一觸發；而 BS 序列中「晴香 blocks」係喺 trap 之後（即操受困時）而非連結之前,CLEAN_AFTER_ATTACK：攻擊「次序同 BS 不同」；BS 序列有兩個「擋」（美夜子擋 vs 晴香擋，後者在 B7），v3 B2 係美夜子擋、B7 係晴香擋，兩者唔係同一動作，次序一致，攻唔入,| 11 | B3 | 「Beat Sheet Beat 2」：提出連結時機同 canon 一致嗎？ | OL 行 140「link proposed when 唔夠打；凜 line at proposal」；BS 行 273–313 動作序 link 在 操 intervenes 之前 | 攻擊：v3 B3「擋完形勢仍不利」→提出；OL 係「唔夠打」時提出，同一觸發；而 BS 序列中「晴香 blocks」係喺 trap 之後（即操受困時）而非連結之前 | CLEAN_AFTER_ATTACK：攻擊「次序同 BS 不同」；BS 序列有兩個「擋」（美夜子擋 vs 晴香擋，後者在 B7），v3 B2 係美夜子擋、B7 係晴香擋，兩者唔係同一動作，次序一致，攻唔入 |
C,95,角度 11：Canon / Continuity / Ownership,6,FINDING,11,B4,CDL-084（行 184）：「美夜子在E-02提出情緒連結時，帶情感色彩地提及凜：一句話之內，有一瞬猶豫或沉默」,攻擊：CDL-084 時機＝「提出情緒連結時」＝B3；v3 放喺 B4「連結啟動」。另外「晴香察覺美夜子的猶豫但沒問」同 v3「察覺冇問、照樣答應」一致,FINDING：NOTE（F7）。凜信息應該喺 B3（提出）而非 B4（啟動）。代價：B3 同「提出」疊多一個功能；放棄：啟動時刻嘅情感張力；分別：貼返 canon，猶豫喺「請求」而非「已成事實」之後,| 11 | B4 | 凜信息嘅 timing 同 CDL-084 一致嗎？ | CDL-084（行 184）：「美夜子在E-02提出情緒連結時，帶情感色彩地提及凜：一句話之內，有一瞬猶豫或沉默」 | 攻擊：CDL-084 時機＝「提出情緒連結時」＝B3；v3 放喺 B4「連結啟動」。另外「晴香察覺美夜子的猶豫但沒問」同 v3「察覺冇問、照樣答應」一致 | FINDING：NOTE（F7）。凜信息應該喺 B3（提出）而非 B4（啟動）。代價：B3 同「提出」疊多一個功能；放棄：啟動時刻嘅情感張力；分別：貼返 canon，猶豫喺「請求」而非「已成事實」之後 |
C,96,角度 11：Canon / Continuity / Ownership,6,NEEDS_AUTHOR,11,B4b,無上游引用；「O1」未定義,攻擊：無法核對上游；無論咩功能，都屬 orchestrator 新增,NEEDS_AUTHOR：「O1」係咩未知；B4b 有冇 canon 衝突無從核對，只知同 CDL-224／BS 序列冇矛盾,| 11 | B4b | 「我加」：有無 canon 衝突？ | 無上游引用；「O1」未定義 | 攻擊：無法核對上游；無論咩功能，都屬 orchestrator 新增 | NEEDS_AUTHOR：「O1」係咩未知；B4b 有冇 canon 衝突無從核對，只知同 CDL-224／BS 序列冇矛盾 |
C,97,角度 11：Canon / Continuity / Ownership,6,CLEAN_AFTER_ATTACK,11,B5,CDL-064（行 160）；CDL-065（行 161）「操有戰鬥記錄」；misao.md 行 251,攻擊：CDL-065 話操入隊前已有獨行戰；B5 嘅「從高處介入」同「操係獨行俠、冇人見證」（CDL-063 行 159 「冇觀眾的表演」）要對得上——晴香同美夜子喺度即係「有觀眾」，同 CDL-063 嘅空洞疲勞感矛盾？,CLEAN_AFTER_ATTACK：攻擊「有觀眾破壞空洞表演」；CDL-063 嘅精神疲勞針對「冇人見證」嘅長期狀態，而 B5 係操被迫戰鬥時剛好有人在場，不改變佢「習慣獨戰」嘅設定，B8 嘅震驚正正來自「第一次有人擋」，同 CDL-065 嘅衝擊邏輯相容，攻唔入,| 11 | B5 | CDL-064：操介入係燈塔效應驅動嗎？ | CDL-064（行 160）；CDL-065（行 161）「操有戰鬥記錄」；misao.md 行 251 | 攻擊：CDL-065 話操入隊前已有獨行戰；B5 嘅「從高處介入」同「操係獨行俠、冇人見證」（CDL-063 行 159 「冇觀眾的表演」）要對得上——晴香同美夜子喺度即係「有觀眾」，同 CDL-063 嘅空洞疲勞感矛盾？ | CLEAN_AFTER_ATTACK：攻擊「有觀眾破壞空洞表演」；CDL-063 嘅精神疲勞針對「冇人見證」嘅長期狀態，而 B5 係操被迫戰鬥時剛好有人在場，不改變佢「習慣獨戰」嘅設定，B8 嘅震驚正正來自「第一次有人擋」，同 CDL-065 嘅衝擊邏輯相容，攻唔入 |
C,98,角度 11：Canon / Continuity / Ownership,6,CLEAN_AFTER_ATTACK,11,B6,OL 行 140,攻擊：OL 係 trap 先、晴香擋後；v3 加咗 B6b 冇 canon 對應,CLEAN_AFTER_ATTACK：攻擊「B6 偏離 OL」；OL 行 140 序列同 v3 B6→B7 相同，B6b 另論，攻唔入,| 11 | B6 | 「Outline Beat 2」陷阱 | OL 行 140 | 攻擊：OL 係 trap 先、晴香擋後；v3 加咗 B6b 冇 canon 對應 | CLEAN_AFTER_ATTACK：攻擊「B6 偏離 OL」；OL 行 140 序列同 v3 B6→B7 相同，B6b 另論，攻唔入 |
C,99,角度 11：Canon / Continuity / Ownership,6,CLEAN_AFTER_ATTACK,11,B7,CDL-050（行 143）；CDL-065（行 161）「晴香『擋攻擊+問裙子』」,攻擊：「笑問裙子污糟未」係晴香角色表現（CDL-065 提到「問裙子」），但 v3 加「笑」，同晴香此刻仍「帶驚」（B1）有無矛盾,CLEAN_AFTER_ATTACK：攻擊「笑同驚矛盾」；晴香「無論如何都笑」（CDL-103 所引）本身就係驚嘅外殼，N2 已用「強行正常」建立，B7 嘅笑係同一防衛，攻唔入,| 11 | B7 | CDL-050：晴香擋＋問裙子 | CDL-050（行 143）；CDL-065（行 161）「晴香『擋攻擊+問裙子』」 | 攻擊：「笑問裙子污糟未」係晴香角色表現（CDL-065 提到「問裙子」），但 v3 加「笑」，同晴香此刻仍「帶驚」（B1）有無矛盾 | CLEAN_AFTER_ATTACK：攻擊「笑同驚矛盾」；晴香「無論如何都笑」（CDL-103 所引）本身就係驚嘅外殼，N2 已用「強行正常」建立，B7 嘅笑係同一防衛，攻唔入 |
C,100,角度 11：Canon / Continuity / Ownership,6,FINDING,11,B7b,CDL-322（行 79）全文,攻擊：CDL-322 要三重解讀（晴香、路人、操私下），並要「路人事後真誠嘅感激」令操動搖；v3 只放救人一格；而 CDL-322 嘅下游係 Phase D（CDL-323）操主動幫陌生人，之前要有「操動搖」錨,FINDING：SHOULD_FIX（F5）。補一個事後 beat（B9/B10 路人表示感謝，操冷處理但有微反應），或明確標「CDL-322 嘅動搖層喺 demo 缺失，Full game 需補」,| 11 | B7b | CDL-322：「用現有 E-02 事件，唔開新 beat」；三重解讀 | CDL-322（行 79）全文 | 攻擊：CDL-322 要三重解讀（晴香、路人、操私下），並要「路人事後真誠嘅感激」令操動搖；v3 只放救人一格；而 CDL-322 嘅下游係 Phase D（CDL-323）操主動幫陌生人，之前要有「操動搖」錨 | FINDING：SHOULD_FIX（F5）。補一個事後 beat（B9/B10 路人表示感謝，操冷處理但有微反應），或明確標「CDL-322 嘅動搖層喺 demo 缺失，Full game 需補」 |
C,101,角度 11：Canon / Continuity / Ownership,6,CLEAN_AFTER_ATTACK,11,B8,CDL-050；misao.md 行 242–257（Act I arc）,攻擊：misao.md Act I arc 同 CDL-065／322／071 並列，B8「傲嬌答應」係咪同 arc 內「入隊」語氣一致未驗證,CLEAN_AFTER_ATTACK：攻擊「語氣偏離 arc」；misao.md 行 242–257 內「傲嬌」作為入隊反應與 B8 一致（我已核對 arc 文字，未見相反描述），攻唔入,| 11 | B8 | CDL-050／BS：入隊 | CDL-050；misao.md 行 242–257（Act I arc） | 攻擊：misao.md Act I arc 同 CDL-065／322／071 並列，B8「傲嬌答應」係咪同 arc 內「入隊」語氣一致未驗證 | CLEAN_AFTER_ATTACK：攻擊「語氣偏離 arc」；misao.md 行 242–257 內「傲嬌」作為入隊反應與 B8 一致（我已核對 arc 文字，未見相反描述），攻唔入 |
C,102,角度 11：Canon / Continuity / Ownership,6,NEEDS_AUTHOR,11,B9,CDL-073（行 171）「NPC圍觀場景（B配合）：戰鬥前後歡呼/求簽名/討論下注」,攻擊：求簽名係人群對晴香？操？CDL-073 冇指名；若人群對操（新入隊）歡呼，會同 CDL-322 嘅「路人感激」混淆,NEEDS_AUTHOR：人群歡呼對象 canon 冇指定；影響 CDL-322 嘅路人感激讀法（B7b 路人係人群之一，定係單獨？）,| 11 | B9 | 戰後歡呼：「戰後安全區人群歡呼、求簽名」 | CDL-073（行 171）「NPC圍觀場景（B配合）：戰鬥前後歡呼/求簽名/討論下注」 | 攻擊：求簽名係人群對晴香？操？CDL-073 冇指名；若人群對操（新入隊）歡呼，會同 CDL-322 嘅「路人感激」混淆 | NEEDS_AUTHOR：人群歡呼對象 canon 冇指定；影響 CDL-322 嘅路人感激讀法（B7b 路人係人群之一，定係單獨？） |
C,103,角度 11：Canon / Continuity / Ownership,6,CLEAN_AFTER_ATTACK,11,B10,OL 行 136；CDL-224（行 359）,攻擊：作者已決定偏離，但偏離冇 canon 條目；OL 行 136 仍標 CDL-224 嘅 Peak 載體，demo 若被誤當 Act I 正本，會推翻 CDL-224,CLEAN_AFTER_ATTACK：攻擊「無 canon 授權」；輸入包 §A 已寫明係作者決定、demo 帶 DRAFT 章、不 writeback，Draft≠canon 規則下合法，攻唔入（條件：要保持 DRAFT 標記）,| 11 | B10 | 偏離 Outline「勝利後靜默」 | OL 行 136；CDL-224（行 359） | 攻擊：作者已決定偏離，但偏離冇 canon 條目；OL 行 136 仍標 CDL-224 嘅 Peak 載體，demo 若被誤當 Act I 正本，會推翻 CDL-224 | CLEAN_AFTER_ATTACK：攻擊「無 canon 授權」；輸入包 §A 已寫明係作者決定、demo 帶 DRAFT 章、不 writeback，Draft≠canon 規則下合法，攻唔入（條件：要保持 DRAFT 標記） |
C,104,角度 11：Canon / Continuity / Ownership,6,FINDING,11,M1,CDL-141（行 254）：「可觸發可唔觸發（條件：血糖補給耗盡+關係未到離隊情節前；故事時間窗口：E-02後到隊員離隊前）」；「四人關係未熟」,攻擊：CDL-141 係 [NC]（可觸發可唔觸發），v3 當必經；而 canon 紫音喺 E-02.5（BS 行 315–355）已入隊，三人版同 canon「基地戲有紫音」嘅時序矛盾——紫音只係 demo 缺席，唔係 canon 缺席,FINDING：NOTE。三人版必經基地戲係 demo 設計，唔應該被當 Act I 版本；若日後轉成正式 Act I，要將 [NC]→必經、四人→三人嘅改動走 author gate（Always true rule：唔可以 silent 改 canon）,| 11 | M1 | 「CDL-141（人數改三人）」 | CDL-141（行 254）：「可觸發可唔觸發（條件：血糖補給耗盡+關係未到離隊情節前；故事時間窗口：E-02後到隊員離隊前）」；「四人關係未熟」 | 攻擊：CDL-141 係 [NC]（可觸發可唔觸發），v3 當必經；而 canon 紫音喺 E-02.5（BS 行 315–355）已入隊，三人版同 canon「基地戲有紫音」嘅時序矛盾——紫音只係 demo 缺席，唔係 canon 缺席 | FINDING：NOTE。三人版必經基地戲係 demo 設計，唔應該被當 Act I 版本；若日後轉成正式 Act I，要將 [NC]→必經、四人→三人嘅改動走 author gate（Always true rule：唔可以 silent 改 canon） |
C,105,角度 11：Canon / Continuity / Ownership,6,FINDING,11,M2,CDL-141 角色分工：操＝「嫌棄灰塵監控閉路」；CDL-322（行 79）「Phase D 先第一次真正主動」,攻擊：「操嫌但自己選擇留低」同 CDL-141 嘅「被迫合作」「選擇不是自由」撞，亦同 CDL-322 嘅「第一次主動」用語撞,FINDING：NOTE（併入 angle 6 M2）。要改字眼或標為新增,| 11 | M2 | 「操主動留低」（我加） | CDL-141 角色分工：操＝「嫌棄灰塵監控閉路」；CDL-322（行 79）「Phase D 先第一次真正主動」 | 攻擊：「操嫌但自己選擇留低」同 CDL-141 嘅「被迫合作」「選擇不是自由」撞，亦同 CDL-322 嘅「第一次主動」用語撞 | FINDING：NOTE（併入 angle 6 M2）。要改字眼或標為新增 |
C,106,角度 11：Canon / Continuity / Ownership,6,CLEAN_AFTER_ATTACK,11,M3,CDL-141 分工：「晴香=把風緊張肚子咕嚕叫」,攻擊：v3 M3 寫「晴香肚子叫差點暴露，三人臨時合作躲避」，同 canon 分工「把風」相比，三人版晴香冇咗紫音要拉住嘅對象，「把風」角色喺 v3 唔見,CLEAN_AFTER_ATTACK：攻擊「晴香把風功能失落」；v3 保留肚子叫（canon 原句），把風嘅功能可喺 Scene 層補，Beat 層無衝突，攻唔入,| 11 | M3 | 「CDL-141」：肚子叫＝晴香 | CDL-141 分工：「晴香=把風緊張肚子咕嚕叫」 | 攻擊：v3 M3 寫「晴香肚子叫差點暴露，三人臨時合作躲避」，同 canon 分工「把風」相比，三人版晴香冇咗紫音要拉住嘅對象，「把風」角色喺 v3 唔見 | CLEAN_AFTER_ATTACK：攻擊「晴香把風功能失落」；v3 保留肚子叫（canon 原句），把風嘅功能可喺 Scene 層補，Beat 層無衝突，攻唔入 |
C,107,角度 11：Canon / Continuity / Ownership,9,FINDING,11,M4,[AC]`；CDL-317（行 84）「完全移除 E-05a 成個beat」；A2 第 6 行（E-05a removed）；CDL-141 原文「此基地之後會因為操虛榮心洩露而被摧毀」；misao.md 無虛榮文字；Brief 約 7579 行 Scene_18 VanityConfession（「驕傲底下第一道裂縫」）,攻擊：OL 行 177 仍係 [AC] 狀態，若只讀 OL 會以為埋伏有效；實際 CDL-317 已刪除 E-05a，據點命運改由 E-09 Fallen Angel 影片洩露（A2 行 382）／Phase C→D 失去據點承擔,FINDING：SHOULD_FIX（F3）。陳舊上游：OL 行 177、BS 行 373、CDL-141 未同步 CDL-317。建議將 M4 嘅種子改引 Brief Scene_18 VanityConfession／CDL-063 形式主義（「操堅持佈置得好睇」本身就係形式主義嘅小表現），並喺 canon 同步閘登記三處陳舊文字。代價：種子由「虛榮」變「形式主義」，更貼 CDL-063；放棄：與「操虛榮心毀基地」嘅直連；分別：種子唔再預告一個已刪除事件,| 11 | M4 | 「CDL-141；Outline 埋伏」＋「極輕虛榮種子」 | OL 行 177：`| **埋伏** | 此基地 → 後期據點洩露事件（操虛榮心）→ 被帝國摧毀；Act I建立越溫暖，毀滅越慘烈 | [AC]`；CDL-317（行 84）「完全移除 E-05a 成個beat」；A2 第 6 行（E-05a removed）；CDL-141 原文「此基地之後會因為操虛榮心洩露而被摧毀」；misao.md 無虛榮文字；Brief 約 7579 行 Scene_18 VanityConfession（「驕傲底下第一道裂縫」） | 攻擊：OL 行 177 仍係 [AC] 狀態，若只讀 OL 會以為埋伏有效；實際 CDL-317 已刪除 E-05a，據點命運改由 E-09 Fallen Angel 影片洩露（A2 行 382）／Phase C→D 失去據點承擔 | FINDING：SHOULD_FIX（F3）。陳舊上游：OL 行 177、BS 行 373、CDL-141 未同步 CDL-317。建議將 M4 嘅種子改引 Brief Scene_18 VanityConfession／CDL-063 形式主義（「操堅持佈置得好睇」本身就係形式主義嘅小表現），並喺 canon 同步閘登記三處陳舊文字。代價：種子由「虛榮」變「形式主義」，更貼 CDL-063；放棄：與「操虛
C,108,角度 11：Canon / Continuity / Ownership,6,FINDING,11,H1,CDL-233（行 369）：Stage 1「Act II前期，Phase A～B：牙齦滲血……觀眾可能初讀為戰鬥受傷」、Stage 2a「E-09a……牙齒開始鬆動甚至脫落；利用傀儡絲線將斷牙縫回」；A2 行 192（Stage 1 喺 E-07b）、行 371（E-09a「操的傀儡絲線縫牙（Stage 2）在情緒崩潰中『第一次使用』」）；misao.md 行 286–302 與 CDL-233,攻擊：H1 係 Act I 掉牙＝提早 canon 約 Act II 中期先有嘅事件，亦同「縫牙第一次使用」嘅 E-09a 撞（Act I 掉咗牙但冇縫，E-09a 嘅「第一次」仍然成立；但 Stage 1 嘅「觀眾初讀為戰鬥受傷」就失去因為觀眾已見過整隻牙跌）。Brief 方面：約 9296–9330 行 Act I 剝落步驟 4「日常裂開」有甜品掉牙意象，約 7636／9327 行 Scene,FINDING：BLOCKS_BEAT_LAYER（F1）＋NEEDS_AUTHOR（F11）。理由：canon md 三處（CDL-233、A2、misao.md）一致將牙齒放 Act II，而 Brief 有 Act I 意象，兩個來源衝突；Brief 係「最準」來源，但 Brief 嘅 Scene_47 係「旁人面前渾然不覺」，H1 係「操獨處＋自己知」，同 Brief 意象唔同形。作者要先定：(a) 跟 Brief，Act I 有掉牙；(b) 跟 canon md，H1 改弱（例如牙齦滲血或口腔不適，未跌牙）。建議 (b)：代價：失去「牙真係跌出口」嘅強度（作者決定咗要睇得清）；放棄：,| 11 | H1 | CDL-233 嘅 Stage 劃分同 H1 | CDL-233（行 369）：Stage 1「Act II前期，Phase A～B：牙齦滲血……觀眾可能初讀為戰鬥受傷」、Stage 2a「E-09a……牙齒開始鬆動甚至脫落；利用傀儡絲線將斷牙縫回」；A2 行 192（Stage 1 喺 E-07b）、行 371（E-09a「操的傀儡絲線縫牙（Stage 2）在情緒崩潰中『第一次使用』」）；misao.md 行 286–302 與 CDL-233 一致；Brief 約 6040–6100（中期牙齦出血、後期牙齒鬆動甚至脫落） | 攻擊：H1 係 Act I 掉牙＝提早 canon 約 Act II 中期先有嘅事件，亦同「縫牙第一次使用」嘅 E-09a 撞（Act I 掉咗牙但冇縫，E-09a 嘅「第一次」仍然成立；但 Stage 1 嘅「觀眾初讀為戰鬥受傷」就失去因為觀眾已見過整隻牙跌）。Brief 方面：約 9296–9330 行 Act I 剝落步驟 4「日常裂開」有甜品掉牙意象，約 7636／9327 行 Scene_47 DessertToothDrop 「在旁人面前，渾然不覺」——Brief 有 Act I 掉牙意象，同 canon md 衝突 | FINDING：BLOCKS_BEAT_LAYER（F1）＋NEEDS_AUTHOR（F11）。理由
C,126,角度 22：Causality / Cost Signal Chain,6,CLEAN_AFTER_ATTACK,22,N1,BS 行 147–185（Beat 0d）：N.A. 加「valid-exception」條款（內在轉化由先行外部 Cost Signal 觸發）；CDL-123（行 232）「無台詞」,攻擊：valid-exception 要求「先行外部 Cost Signal」。對 demo 觀眾而言，首戰嗰次係看不見嘅（SEQ1 唔入 demo），所以 N1 嘅例外喺 demo 內冇可見前置,CLEAN_AFTER_ATTACK：攻擊「例外依賴觀眾睇唔到嘅事件」；N1 純屬消化底色 beat，標 N 嘅理由（純底色建立）本身就唔需要觸發，valid-exception 係額外保險；而且 v3 要求「身體層可見首戰餘波」，令餘波成為 N1 自帶嘅可識別外部痕跡（手唔穩、倒影），攻唔入,| 22 | N1 | 標 N：「純消化底色；觸發＝首戰餘波，範圍外」係咪合法 N？ | BS 行 147–185（Beat 0d）：N.A. 加「valid-exception」條款（內在轉化由先行外部 Cost Signal 觸發）；CDL-123（行 232）「無台詞」 | 攻擊：valid-exception 要求「先行外部 Cost Signal」。對 demo 觀眾而言，首戰嗰次係看不見嘅（SEQ1 唔入 demo），所以 N1 嘅例外喺 demo 內冇可見前置 | CLEAN_AFTER_ATTACK：攻擊「例外依賴觀眾睇唔到嘅事件」；N1 純屬消化底色 beat，標 N 嘅理由（純底色建立）本身就唔需要觸發，valid-exception 係額外保險；而且 v3 要求「身體層可見首戰餘波」，令餘波成為 N1 自帶嘅可識別外部痕跡（手唔穩、倒影），攻唔入 |
C,127,角度 22：Causality / Cost Signal Chain,6,FINDING,22,N2,BS 行 195：天台 beat `COST_SIGNAL_NOT_APPLICABLE——純資訊交付/對話 beat，功能係使命說明本身，唔涉及新嘅外部行動改變狀態`；v3 N2 寫「R（外部＝首戰餘波＋美夜子召喚，餘波要睇到）」,攻擊：v3 將 BS 嘅 N.A. 升格為 R，但所謂外部觸發只係「首戰餘波」（範圍外嘅過去事件）加「美夜子召喚」（一個約會）；兩者都唔係「戰損／資源失效／環境崩潰／意外遭遇」類物理事件；因此要麼 R 唔誠實，要麼 N2 其實係 INTENTION-DRIVEN（晴香因為個人情緒去赴約）,FINDING：SHOULD_FIX（F4）。兩個出路：(a) 還原 BS 標法，N2／N3／N4 標 N 並寫理由「使命說明＝純資訊交付」；(b) 如作者想真係 R，要喺天台入面加一個可見外部觸發（例如餘波身體反應被環境放大，風、高處、手機通知等 beat 內可行嘅物理事件）。我建議 (a)。代價：Cost Signal 欄冇「R」好睇，demo 更似「對話戲」；放棄：用標籤證明 SEQ2 有推進力；分別：誠實標 N，而唔係靠「餘波」硬湊外部觸發——後者會誘使 Scene 層為滿足 R 而加戲劇化物理事件，同 BS 原設計相反,| 22 | N2 | 標 R：外部觸發係咩？ | BS 行 195：天台 beat `COST_SIGNAL_NOT_APPLICABLE——純資訊交付/對話 beat，功能係使命說明本身，唔涉及新嘅外部行動改變狀態`；v3 N2 寫「R（外部＝首戰餘波＋美夜子召喚，餘波要睇到）」 | 攻擊：v3 將 BS 嘅 N.A. 升格為 R，但所謂外部觸發只係「首戰餘波」（範圍外嘅過去事件）加「美夜子召喚」（一個約會）；兩者都唔係「戰損／資源失效／環境崩潰／意外遭遇」類物理事件；因此要麼 R 唔誠實，要麼 N2 其實係 INTENTION-DRIVEN（晴香因為個人情緒去赴約） | FINDING：SHOULD_FIX（F4）。兩個出路：(a) 還原 BS 標法，N2／N3／N4 標 N 並寫理由「使命說明＝純資訊交付」；(b) 如作者想真係 R，要喺天台入面加一個可見外部觸發（例如餘波身體反應被環境放大，風、高處、手機通知等 beat 內可行嘅物理事件）。我建議 (a)。代價：Cost Signal 欄冇「R」好睇，demo 更似「對話戲」；放棄：用標籤證明 SEQ2 有推進力；分別：誠實標 N，而唔係靠「餘波」硬湊外部觸發——後者會誘使 Scene 層為滿足 R 而加戲劇化物理事件，同 BS 原設計相反 |
C,128,角度 22：Causality / Cost Signal Chain,6,FINDING,22,N3,BS 行 195,攻擊：「承 N2」係同一場對話嘅延續，唔係獨立外部事件；R 嘅定義係 beat 功能「推進劇情」，而 N3 功能係「資訊交付」（BS 行 195 自己講明）,FINDING：SHOULD_FIX（併入 F4）。N3 嘅功能同 R 定義唔配；標 N 更準,| 22 | N3 | 標 R（承 N2） | BS 行 195 | 攻擊：「承 N2」係同一場對話嘅延續，唔係獨立外部事件；R 嘅定義係 beat 功能「推進劇情」，而 N3 功能係「資訊交付」（BS 行 195 自己講明） | FINDING：SHOULD_FIX（併入 F4）。N3 嘅功能同 R 定義唔配；標 N 更準 |
C,129,角度 22：Causality / Cost Signal Chain,6,FINDING,22,N4,BS 行 115／198；CDL-053（行 147）,攻擊：「晴香近乎天真的熱情全盤接受」係內在反應，需要先行外部觸發；N4 嘅觸發係 N3 嘅資訊（語言事件），而 consequence-driven 禁止「角色X突然覺得Y，所以決定做Z」——接受（Z）源於「覺得被命中」（Y）。若無任何物理事件，就係 INTENTION-DRIVEN,FINDING：NOTE（併入 F4）。N4 係 R 最弱一格；除非標 N 或加物理事件。注意 BS 行 198 對同一 beat 標 N，所以 v3 係改動而非沿用,| 22 | N4 | 標 R：追問＋接受 | BS 行 115／198；CDL-053（行 147） | 攻擊：「晴香近乎天真的熱情全盤接受」係內在反應，需要先行外部觸發；N4 嘅觸發係 N3 嘅資訊（語言事件），而 consequence-driven 禁止「角色X突然覺得Y，所以決定做Z」——接受（Z）源於「覺得被命中」（Y）。若無任何物理事件，就係 INTENTION-DRIVEN | FINDING：NOTE（併入 F4）。N4 係 R 最弱一格；除非標 N 或加物理事件。注意 BS 行 198 對同一 beat 標 N，所以 v3 係改動而非沿用 |
C,130,角度 22：Causality / Cost Signal Chain,6,CLEAN_AFTER_ATTACK,22,B1,v3 header「硬切接 N4；開戰＝『之後某次屍骸入侵』」；OL 行 140,攻擊：N4（晴香接受使命）→硬切→B1（屍骸入侵）：觀眾見到嘅因果係「剛接受使命就有屍骸」，似巧合；但屍骸入侵本身就係外部隨機事件，符合 Cost Signal 定義,CLEAN_AFTER_ATTACK：攻擊「無因果、純巧合」；Cost Signal 法則要求嘅正正係外部隨機事件，而唔係因果由角色決定，B1 符合；「硬切」只係時間跳躍，屬 Sequence 邊界問題（非因果缺陷），攻唔入,| 22 | B1 | 屍骸出現開戰：外部觸發？ | v3 header「硬切接 N4；開戰＝『之後某次屍骸入侵』」；OL 行 140 | 攻擊：N4（晴香接受使命）→硬切→B1（屍骸入侵）：觀眾見到嘅因果係「剛接受使命就有屍骸」，似巧合；但屍骸入侵本身就係外部隨機事件，符合 Cost Signal 定義 | CLEAN_AFTER_ATTACK：攻擊「無因果、純巧合」；Cost Signal 法則要求嘅正正係外部隨機事件，而唔係因果由角色決定，B1 符合；「硬切」只係時間跳躍，屬 Sequence 邊界問題（非因果缺陷），攻唔入 |
C,131,角度 22：Causality / Cost Signal Chain,6,CLEAN_AFTER_ATTACK,22,B2,CDL-083（行 183）；四拍模板,攻擊：B2 係「Instinctive Reaction」（拍 2），而「險中招」係外部事件（拍 1），次序清楚；後面「功利藉口」係掩蓋,CLEAN_AFTER_ATTACK：攻擊「本能擋係角色意圖」；CDL-083 設計原則「動作型非語言」，以及 CDL-060「身體本能守護」，兩者都係反射而非決定，因果鏈合法，攻唔入,| 22 | B2 | 險中招→本能擋 | CDL-083（行 183）；四拍模板 | 攻擊：B2 係「Instinctive Reaction」（拍 2），而「險中招」係外部事件（拍 1），次序清楚；後面「功利藉口」係掩蓋 | CLEAN_AFTER_ATTACK：攻擊「本能擋係角色意圖」；CDL-083 設計原則「動作型非語言」，以及 CDL-060「身體本能守護」，兩者都係反射而非決定，因果鏈合法，攻唔入 |
C,132,角度 22：Causality / Cost Signal Chain,6,FINDING,22,B3,OL 行 140「link proposed when 唔夠打」,攻擊：「提出連結」係美夜子嘅決定（Undertaking Action），觸發係「形勢不利」（戰損），合法；但若 B2 已經擋咗，點解仍然唔夠打？v3 「擋完形勢仍不利」冇交代外部原因（屍骸數量？體型？）,FINDING：NOTE。「形勢仍不利」係 B3 唯一觸發，但冇外部物理描述；建議 Beat 層補「屍骸係體型／數量／再生等客觀壓力」，避免因果只剩「美夜子覺得唔夠打」。代價：多寫一個屍骸特性；放棄：保持屍骸簡單；分別：觸發由主觀判斷變客觀壓力,| 22 | B3 | 形勢仍不利→提出連結 | OL 行 140「link proposed when 唔夠打」 | 攻擊：「提出連結」係美夜子嘅決定（Undertaking Action），觸發係「形勢不利」（戰損），合法；但若 B2 已經擋咗，點解仍然唔夠打？v3 「擋完形勢仍不利」冇交代外部原因（屍骸數量？體型？） | FINDING：NOTE。「形勢仍不利」係 B3 唯一觸發，但冇外部物理描述；建議 Beat 層補「屍骸係體型／數量／再生等客觀壓力」，避免因果只剩「美夜子覺得唔夠打」。代價：多寫一個屍骸特性；放棄：保持屍骸簡單；分別：觸發由主觀判斷變客觀壓力 |
C,133,角度 22：Causality / Cost Signal Chain,6,CLEAN_AFTER_ATTACK,22,B4,OL 行 140；CDL-084,攻擊：晴香「察覺冇問、照樣答應」係內在決定，上游觸發係 B3 嘅提出；因果鏈係語言→接受，同 N4 同型,CLEAN_AFTER_ATTACK：攻擊「接受連結＝突然決定」；B4 發生喺戰鬥壓力（B3 形勢不利）之內，而且係被迫反應（唔連結就輸），符合「對物理強制嘅反應」嘅有效例外，攻唔入,| 22 | B4 | 啟動連結→暴增 | OL 行 140；CDL-084 | 攻擊：晴香「察覺冇問、照樣答應」係內在決定，上游觸發係 B3 嘅提出；因果鏈係語言→接受，同 N4 同型 | CLEAN_AFTER_ATTACK：攻擊「接受連結＝突然決定」；B4 發生喺戰鬥壓力（B3 形勢不利）之內，而且係被迫反應（唔連結就輸），符合「對物理強制嘅反應」嘅有效例外，攻唔入 |
C,134,角度 22：Causality / Cost Signal Chain,6,FINDING,22,B4b,v3「我加（防 O1 空）」,攻擊：B4b 冇上游事件觸發；純為填位,FINDING：NOTE（併入 angle 6 B4b）。因果鏈上係死節點（B4→B4b→B5 冇一個依賴 B4b）,| 22 | B4b | 防空 | v3「我加（防 O1 空）」 | 攻擊：B4b 冇上游事件觸發；純為填位 | FINDING：NOTE（併入 angle 6 B4b）。因果鏈上係死節點（B4→B4b→B5 冇一個依賴 B4b） |
C,135,角度 22：Causality / Cost Signal Chain,6,CLEAN_AFTER_ATTACK,22,B5,CDL-064（行 160）,攻擊：外部觸發係「屍骸本能獵殺」，同 B1–B4 嘅晴香戰鬥冇因果關係；操嘅出現係獨立事件,CLEAN_AFTER_ATTACK：攻擊「操出現係巧合」；燈塔效應（CDL-064）本身就係「操啟動裝置後必然成為獵殺目標」嘅世界規則，操喺同一屍骸入侵中出現有規則支撐，唔係劇本巧合，攻唔入,| 22 | B5 | 操介入 | CDL-064（行 160） | 攻擊：外部觸發係「屍骸本能獵殺」，同 B1–B4 嘅晴香戰鬥冇因果關係；操嘅出現係獨立事件 | CLEAN_AFTER_ATTACK：攻擊「操出現係巧合」；燈塔效應（CDL-064）本身就係「操啟動裝置後必然成為獵殺目標」嘅世界規則，操喺同一屍骸入侵中出現有規則支撐，唔係劇本巧合，攻唔入 |
C,136,角度 22：Causality / Cost Signal Chain,6,CLEAN_AFTER_ATTACK,22,B6,OL 行 140,攻擊：v3 標「外部觸發＝屍骸伏擊」，因果清晰,CLEAN_AFTER_ATTACK：攻擊「伏擊係為製造 B7」；B5 操獵殺行動直接令佢暴露於反撲，因果由 B5 產生，並非預設結果倒推，攻唔入,| 22 | B6 | 操中陷阱 | OL 行 140 | 攻擊：v3 標「外部觸發＝屍骸伏擊」，因果清晰 | CLEAN_AFTER_ATTACK：攻擊「伏擊係為製造 B7」；B5 操獵殺行動直接令佢暴露於反撲，因果由 B5 產生，並非預設結果倒推，攻唔入 |
C,137,角度 22：Causality / Cost Signal Chain,6,CLEAN_AFTER_ATTACK,22,B6b,v3「我加（四拍第 2 拍）」,攻擊：本能衝（唔理自身）係 Instinctive Reaction；符合模板，但同 B7 係一個動作拆兩格,CLEAN_AFTER_ATTACK：攻擊「B6b 無獨立因果」；B6b 係 B6 嘅直接反應，次序正確，不過其獨立價值有限（見 angle 6），因果鏈本身冇斷，攻唔入,| 22 | B6b | 晴香衝去 | v3「我加（四拍第 2 拍）」 | 攻擊：本能衝（唔理自身）係 Instinctive Reaction；符合模板，但同 B7 係一個動作拆兩格 | CLEAN_AFTER_ATTACK：攻擊「B6b 無獨立因果」；B6b 係 B6 嘅直接反應，次序正確，不過其獨立價值有限（見 angle 6），因果鏈本身冇斷，攻唔入 |
C,138,角度 22：Causality / Cost Signal Chain,6,CLEAN_AFTER_ATTACK,22,B7,CDL-050（行 143）；CDL-065（行 161）,攻擊：「來不及用力量」交代咗點解用身體，外部時間壓力成立；「問裙子」係 Relational Consequence 嘅前奏,CLEAN_AFTER_ATTACK：攻擊「受擊係劇本需要」；B7 嘅外部原因（來不及＋位置）係物理條件，唔係意圖，攻唔入,| 22 | B7 | 擋＋受擊＋問裙子 | CDL-050（行 143）；CDL-065（行 161） | 攻擊：「來不及用力量」交代咗點解用身體，外部時間壓力成立；「問裙子」係 Relational Consequence 嘅前奏 | CLEAN_AFTER_ATTACK：攻擊「受擊係劇本需要」；B7 嘅外部原因（來不及＋位置）係物理條件，唔係意圖，攻唔入 |
C,139,角度 22：Causality / Cost Signal Chain,6,FINDING,22,B7b,CDL-322（行 79）「操順手（非刻意，係求存嘅副作用）」；v3 B1「人群唔喺場」,攻擊：外部觸發係「混戰」，操嘅行為「順手」符合；但：(1) 路人點解喺場（外部原因缺失）；(2) CDL-322 嘅後果層（路人事後感激→操動搖）冇 beat 承接，四拍模板第 4 拍「Relational Consequence」缺失；(3) B7b 插喺 B7 同 B8 之間，斷咗 CDL-065 嘅「擋→問裙子→震驚」因果對,FINDING：SHOULD_FIX（F5）。建議：B7b 移到 B6（操被困前，戰鬥中途）或 B8 之後；並喺 B9／B10 加「路人事後出現」一格（可併入 B9 嘅人群歡呼，由一個具體路人面孔承載）。代價：B9 要負載多一個細節；放棄：B7b 緊湊喺戰鬥中間；分別：種子有後果可承接，而且「擋→震驚」因果對唔被打斷。如果唔補後果，就應該標 CDL-322 喺 demo「只種唔收」，登記 REVALIDATE,| 22 | B7b | 混戰中順手救路人 | CDL-322（行 79）「操順手（非刻意，係求存嘅副作用）」；v3 B1「人群唔喺場」 | 攻擊：外部觸發係「混戰」，操嘅行為「順手」符合；但：(1) 路人點解喺場（外部原因缺失）；(2) CDL-322 嘅後果層（路人事後感激→操動搖）冇 beat 承接，四拍模板第 4 拍「Relational Consequence」缺失；(3) B7b 插喺 B7 同 B8 之間，斷咗 CDL-065 嘅「擋→問裙子→震驚」因果對 | FINDING：SHOULD_FIX（F5）。建議：B7b 移到 B6（操被困前，戰鬥中途）或 B8 之後；並喺 B9／B10 加「路人事後出現」一格（可併入 B9 嘅人群歡呼，由一個具體路人面孔承載）。代價：B9 要負載多一個細節；放棄：B7b 緊湊喺戰鬥中間；分別：種子有後果可承接，而且「擋→震驚」因果對唔被打斷。如果唔補後果，就應該標 CDL-322 喺 demo「只種唔收」，登記 REVALIDATE |
C,140,角度 22：Causality / Cost Signal Chain,6,CLEAN_AFTER_ATTACK,22,B8,CDL-050；CDL-065,攻擊：「傲嬌答應」係 Relational Consequence，由 B7 嘅外部行為（晴香擋）觸發，符合模板拍 4,CLEAN_AFTER_ATTACK：攻擊「入隊太快」；CDL-065 明確將呢個衝擊設為轉折（「第一次感到有人在乎她這個人而非戰果」），B7 係先行事件，攻唔入,| 22 | B8 | 操震驚入隊 | CDL-050；CDL-065 | 攻擊：「傲嬌答應」係 Relational Consequence，由 B7 嘅外部行為（晴香擋）觸發，符合模板拍 4 | CLEAN_AFTER_ATTACK：攻擊「入隊太快」；CDL-065 明確將呢個衝擊設為轉折（「第一次感到有人在乎她這個人而非戰果」），B7 係先行事件，攻唔入 |
C,141,角度 22：Causality / Cost Signal Chain,6,FINDING,22,B9,v3 B9 欄,攻擊：「預埋」冇 Cost Signal 欄、冇 R/N/O 分類（SEQ3a 整個表冇呢一欄）；B9 作為「戰後安全區人群歡呼」，功能似 NOT_APPLICABLE（氣氛／世界日常），但冇寫理由,FINDING：NOTE。SEQ3a 十格全部冇 Cost Signal 分類，同 SEQ2／SEQ3b 唔一致；法則要求每個 beat 寫分類，N.A. 要有理由。建議補欄（B1–B8 大致 R，B9 N／O，B10 N 並寫「作者決定嘅暖收束，純調性」）。代價：多一欄；放棄：表面簡潔；分別：因果審核有據可依,| 22 | B9 | 戰鬥結束：預埋 | v3 B9 欄 | 攻擊：「預埋」冇 Cost Signal 欄、冇 R/N/O 分類（SEQ3a 整個表冇呢一欄）；B9 作為「戰後安全區人群歡呼」，功能似 NOT_APPLICABLE（氣氛／世界日常），但冇寫理由 | FINDING：NOTE。SEQ3a 十格全部冇 Cost Signal 分類，同 SEQ2／SEQ3b 唔一致；法則要求每個 beat 寫分類，N.A. 要有理由。建議補欄（B1–B8 大致 R，B9 N／O，B10 N 並寫「作者決定嘅暖收束，純調性」）。代價：多一欄；放棄：表面簡潔；分別：因果審核有據可依 |
C,142,角度 22：Causality / Cost Signal Chain,6,CLEAN_AFTER_ATTACK,22,B10,作者決定,攻擊：B10 若標 N，要寫理由；若暖收束係為咗平衡 H1，就係因果被 tonal 需要驅動,CLEAN_AFTER_ATTACK：攻擊「B10 係 tonal 意圖驅動」；法則明文容許 `COST_SIGNAL_NOT_APPLICABLE`（純氣氛／對比鋪陳），暖收束正正係「為對比後面而設嘅過渡」，攻唔入（要記錄理由）,| 22 | B10 | 暖收束 | 作者決定 | 攻擊：B10 若標 N，要寫理由；若暖收束係為咗平衡 H1，就係因果被 tonal 需要驅動 | CLEAN_AFTER_ATTACK：攻擊「B10 係 tonal 意圖驅動」；法則明文容許 `COST_SIGNAL_NOT_APPLICABLE`（純氣氛／對比鋪陳），暖收束正正係「為對比後面而設嘅過渡」，攻唔入（要記錄理由） |
C,143,角度 22：Causality / Cost Signal Chain,6,FINDING,22,M1,CDL-141（行 254）；B9 預埋,攻擊：外部觸發＝槍耗盡；但 B9 只「預埋」，若 B9 寫「手震」而冇槍耗盡，M1 又變成「全員突然手震」,FINDING：NOTE（併入 angle 8 B9）。M1 因果鏈靠 B9 預埋寫實,| 22 | M1 | 低血糖→被迫補給 | CDL-141（行 254）；B9 預埋 | 攻擊：外部觸發＝槍耗盡；但 B9 只「預埋」，若 B9 寫「手震」而冇槍耗盡，M1 又變成「全員突然手震」 | FINDING：NOTE（併入 angle 8 B9）。M1 因果鏈靠 B9 預埋寫實 |
C,144,角度 22：Causality / Cost Signal Chain,6,FINDING,22,M2,CDL-141,攻擊：「操嫌但自己選擇留低」係內在動機（主動留低），缺外部觸發（無處可去？下雨？）；而「晴香想要個可以放鬆嘅地方」亦係意圖。M2 標 R，但 R 嘅外部觸發係 M1（資源耗盡）；然而 M2 嘅關鍵行為（操留低）係自由選擇，同 canon「選擇不是自由的，而是被迫的」（Brief 約 11224）相反,FINDING：SHOULD_FIX。M2「操主動留低」係 INTENTION-DRIVEN 風險：建議由被迫外因觸發（例如操自己亦需補給、或離隊要自己一個人處理手震，客觀上冇更好選擇）。代價：失去「操自己選擇」嘅暖度；放棄：自願留低嘅關係進展；分別：留低由「自願」變「冇得走但冇走」，同 CDL-322／323「第一次主動」嘅 Phase D 時序保持距離,| 22 | M2 | 決定夜潛：美夜子開路、操留低 | CDL-141 | 攻擊：「操嫌但自己選擇留低」係內在動機（主動留低），缺外部觸發（無處可去？下雨？）；而「晴香想要個可以放鬆嘅地方」亦係意圖。M2 標 R，但 R 嘅外部觸發係 M1（資源耗盡）；然而 M2 嘅關鍵行為（操留低）係自由選擇，同 canon「選擇不是自由的，而是被迫的」（Brief 約 11224）相反 | FINDING：SHOULD_FIX。M2「操主動留低」係 INTENTION-DRIVEN 風險：建議由被迫外因觸發（例如操自己亦需補給、或離隊要自己一個人處理手震，客觀上冇更好選擇）。代價：失去「操自己選擇」嘅暖度；放棄：自願留低嘅關係進展；分別：留低由「自願」變「冇得走但冇走」，同 CDL-322／323「第一次主動」嘅 Phase D 時序保持距離 |
C,145,角度 22：Causality / Cost Signal Chain,6,CLEAN_AFTER_ATTACK,22,M3,CDL-141,攻擊：「外部隨機事件」（保安巡邏）係典型 Cost Signal；「操被迫貼近晴香」係 Relational Consequence,CLEAN_AFTER_ATTACK：攻擊「隨機事件係巧合」；法則要求就係外部隨機事件，保安喺學校係世界合理存在，攻唔入,| 22 | M3 | 保安險情 | CDL-141 | 攻擊：「外部隨機事件」（保安巡邏）係典型 Cost Signal；「操被迫貼近晴香」係 Relational Consequence | CLEAN_AFTER_ATTACK：攻擊「隨機事件係巧合」；法則要求就係外部隨機事件，保安喺學校係世界合理存在，攻唔入 |
C,146,角度 22：Causality / Cost Signal Chain,6,CLEAN_AFTER_ATTACK,22,M4,v3 標 O,攻擊：標 O，合法（OPTIONAL：兩種寫法都通）；「操堅持佈置得好睇」係意圖，但 O 唔須外部觸發,CLEAN_AFTER_ATTACK：攻擊「O 係逃避標記」；M4 功能係暖峰＋化學反應（變化後果），而 M3 嘅險情已係其上游外部觸發，M4 係 M3 嘅 Relational Consequence，所以 O 偏保守但誠實，攻唔入,| 22 | M4 | 佈置成型 | v3 標 O | 攻擊：標 O，合法（OPTIONAL：兩種寫法都通）；「操堅持佈置得好睇」係意圖，但 O 唔須外部觸發 | CLEAN_AFTER_ATTACK：攻擊「O 係逃避標記」；M4 功能係暖峰＋化學反應（變化後果），而 M3 嘅險情已係其上游外部觸發，M4 係 M3 嘅 Relational Consequence，所以 O 偏保守但誠實，攻唔入 |
C,147,角度 22：Causality / Cost Signal Chain,6,FINDING,22,H1,Brief 約 6040–6100「身體延遲」（先處理現場才掉牙、失聲）；CDL-233（行 369）,攻擊：外部觸發係「延遲身體代價」（內部生理）而唔係外部物理事件；但法則容許「資源失效」類；掉牙係魔法使用之後嘅身體後果＝Cost 本身。另外，因果鏈上 M4 暖峰→H1 掉牙之間，冇新外部事件，掉牙「剛好喺 M4 後」係時間選擇（作者要求）；而且 H1 嘅成因標籤「低血糖」同 M1 已解決嘅血糖矛盾（F2）,FINDING：SHOULD_FIX（併入 F2）。H1 因果鏈：身體延遲代價作為 Cost Signal 合法；但「承低血糖」鏈接失效。如果標籤改為「連番魔法過度消耗」，B1–B8 要有可見嘅連番魔法使用（B4 暴增、B7 擋），而操嘅 CDL-065 獨行戰鬥記錄亦支持「連番」，所以因果鏈可成立,| 22 | H1 | 掉牙：標 R「承連番魔法＋低血糖嘅延遲身體代價」 | Brief 約 6040–6100「身體延遲」（先處理現場才掉牙、失聲）；CDL-233（行 369） | 攻擊：外部觸發係「延遲身體代價」（內部生理）而唔係外部物理事件；但法則容許「資源失效」類；掉牙係魔法使用之後嘅身體後果＝Cost 本身。另外，因果鏈上 M4 暖峰→H1 掉牙之間，冇新外部事件，掉牙「剛好喺 M4 後」係時間選擇（作者要求）；而且 H1 嘅成因標籤「低血糖」同 M1 已解決嘅血糖矛盾（F2） | FINDING：SHOULD_FIX（併入 F2）。H1 因果鏈：身體延遲代價作為 Cost Signal 合法；但「承低血糖」鏈接失效。如果標籤改為「連番魔法過度消耗」，B1–B8 要有可見嘅連番魔法使用（B4 暴增、B7 擋），而操嘅 CDL-065 獨行戰鬥記錄亦支持「連番」，所以因果鏈可成立 |
C,164,角度 28：Cross-Act / Downstream Impact,6,CLEAN_AFTER_ATTACK,28,N1,CDL-123（行 232）「睡前熱可可私密習慣初建（後期可樂失味+冰塊咬碎的對比前置）」,攻擊：demo 冇 SEQ1，熱可可「習慣初建」變成「已建立」，若 Full game 沿用 N1，Beat 0d 嘅「初建」功能重複,CLEAN_AFTER_ATTACK：攻擊「Full game setup 重複／缺失」；N1 只係 demo 實現，Full game 仍用 Beat 0d，payoff 鏈未斷，攻唔入。落點不一（Act II vs Act I E-03）見 F10,| 28 | N1 | 熱可可儀式＋倒影慢半拍：Act II 可樂失味 payoff 仍然有冇 setup？ | CDL-123（行 232）「睡前熱可可私密習慣初建（後期可樂失味+冰塊咬碎的對比前置）」 | 攻擊：demo 冇 SEQ1，熱可可「習慣初建」變成「已建立」，若 Full game 沿用 N1，Beat 0d 嘅「初建」功能重複 | CLEAN_AFTER_ATTACK：攻擊「Full game setup 重複／缺失」；N1 只係 demo 實現，Full game 仍用 Beat 0d，payoff 鏈未斷，攻唔入。落點不一（Act II vs Act I E-03）見 F10 |
C,165,角度 28：Cross-Act / Downstream Impact,6,FINDING,28,N2–N4,CDL-083（行 183）「Act II soft pivot最自然的前置鋪墊」；BS 天台「安全錨點」「未表露」,攻擊：N2「順手擋風」若成立，B2 作為 soft pivot 前置嘅稀缺性被削弱,FINDING：SHOULD_FIX（併入 F6）。需要 REVALIDATE：美夜子 Act II soft pivot（CDL-083 所指）,| 28 | N2–N4 | 天台 beat 被 demo 拆三格：Act II soft pivot 前置（美夜子「口裡說不身體誠實」）有冇被提早消耗？ | CDL-083（行 183）「Act II soft pivot最自然的前置鋪墊」；BS 天台「安全錨點」「未表露」 | 攻擊：N2「順手擋風」若成立，B2 作為 soft pivot 前置嘅稀缺性被削弱 | FINDING：SHOULD_FIX（併入 F6）。需要 REVALIDATE：美夜子 Act II soft pivot（CDL-083 所指） |
C,166,角度 28：Cross-Act / Downstream Impact,6,CLEAN_AFTER_ATTACK,28,N3,CDL-055（行 149）「精心隱藏：情感耗損、變成魔法屍骸的風險、戰鬥的真正代價」,攻擊：N3 若多講一分代價，之後揭露就失去衝擊,CLEAN_AFTER_ATTACK：攻擊「N3 提前揭露」；v3 寫「共謀誤導唔講穿」，同 CDL-055 隱藏清單一致；風險只在 Scene 層寫過頭，攻唔入（前提：Scene 層維持唔講代價）,| 28 | N3 | 使命說明 demo 版本：Act II/III 揭露「被隱瞞嘅代價」有冇被提前？ | CDL-055（行 149）「精心隱藏：情感耗損、變成魔法屍骸的風險、戰鬥的真正代價」 | 攻擊：N3 若多講一分代價，之後揭露就失去衝擊 | CLEAN_AFTER_ATTACK：攻擊「N3 提前揭露」；v3 寫「共謀誤導唔講穿」，同 CDL-055 隱藏清單一致；風險只在 Scene 層寫過頭，攻唔入（前提：Scene 層維持唔講代價） |
C,167,角度 28：Cross-Act / Downstream Impact,6,CLEAN_AFTER_ATTACK,28,B1,CDL-176（行 303）E-02 Lv.1→E-04 Lv.2 遞增；CDL-073（行 171）UI「Act I-III適用，Act III後揭露虛假」,攻擊：demo 只有 Lv.1，遞增鏈可能斷,CLEAN_AFTER_ATTACK：攻擊「遞增鏈斷」；Lv.1 喺 demo 內存在，遞增起點冇改，二周目 payoff 以第一場戰鬥為錨，攻唔入,| 28 | B1 | 緋潮 Lv.1／直播 UI：後續幕承接 | CDL-176（行 303）E-02 Lv.1→E-04 Lv.2 遞增；CDL-073（行 171）UI「Act I-III適用，Act III後揭露虛假」 | 攻擊：demo 只有 Lv.1，遞增鏈可能斷 | CLEAN_AFTER_ATTACK：攻擊「遞增鏈斷」；Lv.1 喺 demo 內存在，遞增起點冇改，二周目 payoff 以第一場戰鬥為錨，攻唔入 |
C,168,角度 28：Cross-Act / Downstream Impact,6,FINDING,28,B2／B3／B4,CDL-108（行 214）Act II Glitch Form「冰藍色人類少女殘影」；CDL-084（行 184）凜信息 payoff＝E-04,攻擊：B4 凜信息位置若同 CDL-084 錯位（F7），E-04 嘅回憶錨點「提出連結嗰刻」就唔準,FINDING：NOTE（F7 下游面）。REVALIDATE：E-04 凜前史嘅觀眾回憶點；Act II Glitch Form 同 B2 貓形態呈現（F8）需一致,| 28 | B2／B3／B4 | 美夜子保護動作＋凜信息＋連結：下游 payoff 鏈 | CDL-108（行 214）Act II Glitch Form「冰藍色人類少女殘影」；CDL-084（行 184）凜信息 payoff＝E-04 | 攻擊：B4 凜信息位置若同 CDL-084 錯位（F7），E-04 嘅回憶錨點「提出連結嗰刻」就唔準 | FINDING：NOTE（F7 下游面）。REVALIDATE：E-04 凜前史嘅觀眾回憶點；Act II Glitch Form 同 B2 貓形態呈現（F8）需一致 |
C,169,角度 28：Cross-Act / Downstream Impact,6,CLEAN_AFTER_ATTACK,28,B5／B6,CDL-063（行 159）「冇觀眾的表演」；CDL-065（行 161）；CDL-317（行 84）E-07b「第一次被原諒」,攻擊：demo 觀眾冇睇過操獨戰，孤獨感只能由 B5 推斷,CLEAN_AFTER_ATTACK：攻擊「孤獨前置不足」；B5「高處獨自介入」係視覺載體，B8「震驚」係被人擋嘅陌生感，兩格提供對照，同 CDL-065 設計一致，攻唔入,| 28 | B5／B6 | 操嘅獨行俠形象：Act II 「第一次被原諒」前置 | CDL-063（行 159）「冇觀眾的表演」；CDL-065（行 161）；CDL-317（行 84）E-07b「第一次被原諒」 | 攻擊：demo 觀眾冇睇過操獨戰，孤獨感只能由 B5 推斷 | CLEAN_AFTER_ATTACK：攻擊「孤獨前置不足」；B5「高處獨自介入」係視覺載體，B8「震驚」係被人擋嘅陌生感，兩格提供對照，同 CDL-065 設計一致，攻唔入 |
C,170,角度 28：Cross-Act / Downstream Impact,6,CLEAN_AFTER_ATTACK,28,B7,CDL-065（行 161）；A2 行 382,攻擊：Act II 崩潰要靠 Act I 保護者模式作對照,CLEAN_AFTER_ATTACK：攻擊「demo 冇保留模式」；B7 保留咗晴香擋人，攻唔入,| 28 | B7 | 晴香「擋＋問裙子」：Act II 晴香崩潰（E-09）嘅對照 | CDL-065（行 161）；A2 行 382 | 攻擊：Act II 崩潰要靠 Act I 保護者模式作對照 | CLEAN_AFTER_ATTACK：攻擊「demo 冇保留模式」；B7 保留咗晴香擋人，攻唔入 |
C,171,角度 28：Cross-Act / Downstream Impact,6,FINDING,28,B7b,CDL-322（行 79）：「呢粒未言明嘅種子，喺 Phase D 操主動幫陌生人（桐生健目擊，見 CDL-323）先第一次真正主動、有意識咁重演」,攻擊：重演要「被動意外→主動選擇」對照，前提係路人事後感激令操動搖；demo 冇後者，Phase D 對照會失效,FINDING：SHOULD_FIX（F5 下游面）。REVALIDATE：CDL-323 嘅對照假設；demo 版標「CDL-322 動搖層 PROVISIONAL」,| 28 | B7b | 操救路人：Phase D 主動幫陌生人（CDL-323）嘅種子 | CDL-322（行 79）：「呢粒未言明嘅種子，喺 Phase D 操主動幫陌生人（桐生健目擊，見 CDL-323）先第一次真正主動、有意識咁重演」 | 攻擊：重演要「被動意外→主動選擇」對照，前提係路人事後感激令操動搖；demo 冇後者，Phase D 對照會失效 | FINDING：SHOULD_FIX（F5 下游面）。REVALIDATE：CDL-323 嘅對照假設；demo 版標「CDL-322 動搖層 PROVISIONAL」 |
C,172,角度 28：Cross-Act / Downstream Impact,6,FINDING,28,B9／B10,CDL-224（行 359）；OL 行 136,攻擊：Act I 懷疑曲線少咗首個高峰；紫音 E-02.5「低血糖」誤導（P-A04）喺 demo 已有明示血糖（M1）後可能失效,FINDING：NOTE（F17）。REVALIDATE：E-03 要喺「E-02 暖收束、無靜默」前提下仍承擔 Peak；P-A04 誤導設計,| 28 | B9／B10 | 暖收束：Peak Moment of Doubt、偽亮色首次系統性裂縫 | CDL-224（行 359）；OL 行 136 | 攻擊：Act I 懷疑曲線少咗首個高峰；紫音 E-02.5「低血糖」誤導（P-A04）喺 demo 已有明示血糖（M1）後可能失效 | FINDING：NOTE（F17）。REVALIDATE：E-03 要喺「E-02 暖收束、無靜默」前提下仍承擔 Peak；P-A04 誤導設計 |
C,173,角度 28：Cross-Act / Downstream Impact,6,FINDING,28,M1／M2,A2 行 382／418；CDL-141（行 254）[NC],攻擊：Full game 基地係「可觸發可唔觸發」；demo 變必經則 A2 要預設基地存在；紫音喺 E-02.5 已入隊，三人版同 canon 時序不合,FINDING：NOTE。REVALIDATE：A2 行 382／418 據點；紫音入隊時序；轉正式前要過 author gate,| 28 | M1／M2 | 基地戲三人必經：Act II E-09／E-10 嘅據點使用、紫音成員資格 | A2 行 382／418；CDL-141（行 254）[NC] | 攻擊：Full game 基地係「可觸發可唔觸發」；demo 變必經則 A2 要預設基地存在；紫音喺 E-02.5 已入隊，三人版同 canon 時序不合 | FINDING：NOTE。REVALIDATE：A2 行 382／418 據點；紫音入隊時序；轉正式前要過 author gate |
C,174,角度 28：Cross-Act / Downstream Impact,6,NOT_APPLICABLE,28,M3,CDL-141,攻擊：Act II 冇引用保安／潛入細節,NOT_APPLICABLE：M3 嘅保安巡邏＋肚子叫係基地任務內部事件，A2／A3 檢索範圍內冇對應 obligation 或 plant，我冇搵到下游依賴,| 28 | M3 | 保安險情：下游有冇承接 | CDL-141 | 攻擊：Act II 冇引用保安／潛入細節 | NOT_APPLICABLE：M3 嘅保安巡邏＋肚子叫係基地任務內部事件，A2／A3 檢索範圍內冇對應 obligation 或 plant，我冇搵到下游依賴 |
C,175,角度 28：Cross-Act / Downstream Impact,6,FINDING,28,M4,CDL-317（行 84）移除 E-05a；OL 行 177 `[AC]` 仍寫「後期據點洩露事件（操虛榮心）」；CDL-141 同樣；BS 行 373,攻擊：下游 payoff 已被移除；種子無回收。舊 E-05a／虛榮文字已確認喺 OL 177、BS 373、CDL-141；CDL-205／243／108 內舊文字我只喺早前閱讀見過，未逐字再核，標「待核」,FINDING：SHOULD_FIX（F3 下游面）。REVALIDATE／同步：OL 行 177、BS 行 373、CDL-141；CDL-205／243／108（待核）。Brief 約 6414–6418「消失：秘密基地建好了。後來有人再也沒有回來」仍支持基地消失，只係動因要改,| 28 | M4 | 虛榮種子：Act II 據點洩露事件下游 | CDL-317（行 84）移除 E-05a；OL 行 177 `[AC]` 仍寫「後期據點洩露事件（操虛榮心）」；CDL-141 同樣；BS 行 373 | 攻擊：下游 payoff 已被移除；種子無回收。舊 E-05a／虛榮文字已確認喺 OL 177、BS 373、CDL-141；CDL-205／243／108 內舊文字我只喺早前閱讀見過，未逐字再核，標「待核」 | FINDING：SHOULD_FIX（F3 下游面）。REVALIDATE／同步：OL 行 177、BS 行 373、CDL-141；CDL-205／243／108（待核）。Brief 約 6414–6418「消失：秘密基地建好了。後來有人再也沒有回來」仍支持基地消失，只係動因要改 |
C,176,角度 28：Cross-Act / Downstream Impact,6,FINDING,28,H1,見上方下游行；CDL-233（行 369）；misao.md 行 286–302,攻擊（逐項）：(1) Stage 1「初讀為戰鬥受傷」（A2 行 192）要觀眾未見過掉牙，H1 令觀眾已知，誤讀空間消失。(2) A2 行 371「第一次使用」縫牙：H1 只收埋冇縫，縫牙仍係第一次，但「牙齒出事」變成第二次，E-09a 衝擊下降。(3) A2 行 287 鏡子閃現：縫牙後先出現，唔受影響。(4) P-D02（行 802）寫「Stage 1（牙齦滲血）→Stage 2」，H1 夾,FINDING：BLOCKS_BEAT_LAYER（F1 下游面）。必須 REVALIDATE_REQUIRED／PROVISIONAL：CDL-233（Stage 表）、A2 行 192／285／287／371、P-D02（行 802）、P-A25（行 800）、A3 行 97／249、misao.md 行 286–302、Act III Double-hit。H1 若唔改，至少上述每項標 `REVALIDATE_REQUIRED`，並由作者決定採 Brief（Act I 有掉牙意象，約 9296–9330 行）定 canon md。建議降級 H1（見 angle 11）：下游改動由約 8 ,| 28 | H1 | 掉牙：Body Horror Stage 1／2a／2b／3、P-D02、P-A25、CDL-346、Act III Double-hit | 見上方下游行；CDL-233（行 369）；misao.md 行 286–302 | 攻擊（逐項）：(1) Stage 1「初讀為戰鬥受傷」（A2 行 192）要觀眾未見過掉牙，H1 令觀眾已知，誤讀空間消失。(2) A2 行 371「第一次使用」縫牙：H1 只收埋冇縫，縫牙仍係第一次，但「牙齒出事」變成第二次，E-09a 衝擊下降。(3) A2 行 287 鏡子閃現：縫牙後先出現，唔受影響。(4) P-D02（行 802）寫「Stage 1（牙齦滲血）→Stage 2」，H1 夾喺中間，表內冇位置。(5) P-A25（行 800）／A3 行 97、249 Stage 3：黑奏撬開口腔嘅「揭露」依賴觀眾第一次見全貌；Act I 已見掉牙令 Double-hit 力度下降，而且 H1「操自己知、觀眾知、晴香唔知」令 Act III 晴香反應需要重新對照 | FINDING：BLOCKS_BEAT_LAYER（F1 下游面）。必須 REVALIDATE_REQUIRED／PROVISIONAL：CDL-233（Stage 表）、A2 行 192／285／287／371、P-D02（行 802）、P-A25（行 800）、
C,177,角度 28：Cross-Act / Downstream Impact,6,NEEDS_AUTHOR,28,全部,輸入包 §A；CDL-224；CDL-176（行 303）,攻擊：暖收束＋掉牙尾鉤同時改變 Act I 懷疑曲線（暖→暗一滴），同 OL 原本「勝利後靜默」→E-03 爆發嘅形狀唔同,NEEDS_AUTHOR：呢個 demo 版嘅曲線係咪反饋入 Act I 正本，抑或純 demo 專用？作者要定「demo 係分支定正本候選」，決定以上 REVALIDATE 嘅範圍,| 28 | 全部 | Demo 整體：同 Act II–IV 關係 | 輸入包 §A；CDL-224；CDL-176（行 303） | 攻擊：暖收束＋掉牙尾鉤同時改變 Act I 懷疑曲線（暖→暗一滴），同 OL 原本「勝利後靜默」→E-03 爆發嘅形狀唔同 | NEEDS_AUTHOR：呢個 demo 版嘅曲線係咪反饋入 Act I 正本，抑或純 demo 專用？作者要定「demo 係分支定正本候選」，決定以上 REVALIDATE 嘅範圍 |
C,193,補充發現（上方一覽表未列、已在各角度表內出現）,4,NEEDS_AUTHOR,F18,NEEDS_AUTHOR,,,8、11,| F18 | NEEDS_AUTHOR | B4 力量暴增嘅即時限制、B7 晴香擋時有冇變身防護、B9 人群歡呼對象：canon 冇答 | 8、11 |
D,29,發現總表,4,NEEDS_AUTHOR,F-A18-1,NEEDS_AUTHOR,,,操嘅 Narrative Validation 喺 matrix 係 BK，M2／M4 又將佢寫成可愛／被 validate,| F-A18-1 | NEEDS_AUTHOR | 18 | 操嘅 Narrative Validation 喺 matrix 係 BK，M2／M4 又將佢寫成可愛／被 validate |
D,41,角度 4：Atmosphere / Tension,6,CLEAN_AFTER_ATTACK,4,N1,Beat 表 N1 欄；CDL-123 L232 熱可可習慣；Brief L4729,「晴香自圓其說」令裂縫被角色自己吞咗；觀眾若只睇到「手唔穩」會讀成普通驚魂未定，唔係不安。倒影慢半拍屬超自然讀法，同 Act I 要「唔 premature reveal 黑暗本質」（HC-1b L17）有張力,CLEAN_AFTER_ATTACK：攻擊成立一半但唔夠 FINDING——「倒影慢半拍」由 Beat 表寫成「細裂縫」而且「自圓其說」，即係觀眾見到、角色冇理；呢個正正係 Brief「暖帶提心吊膽」嘅形式，而且份量已標細。攻唔入嘅原因：裂縫由角色嘅 coping 處理而非由敘事點破，符合 HC-1b,| 4 | N1 | 暖＋細裂縫（倒影慢半拍、身體沉重）夠唔夠令觀眾「覺得唔對路」而唔係「覺得舒服」？ | Beat 表 N1 欄；CDL-123 L232 熱可可習慣；Brief L4729 | 「晴香自圓其說」令裂縫被角色自己吞咗；觀眾若只睇到「手唔穩」會讀成普通驚魂未定，唔係不安。倒影慢半拍屬超自然讀法，同 Act I 要「唔 premature reveal 黑暗本質」（HC-1b L17）有張力 | CLEAN_AFTER_ATTACK：攻擊成立一半但唔夠 FINDING——「倒影慢半拍」由 Beat 表寫成「細裂縫」而且「自圓其說」，即係觀眾見到、角色冇理；呢個正正係 Brief「暖帶提心吊膽」嘅形式，而且份量已標細。攻唔入嘅原因：裂縫由角色嘅 coping 處理而非由敘事點破，符合 HC-1b |
D,42,角度 4：Atmosphere / Tension,6,CLEAN_AFTER_ATTACK,4,N2,Beat 表 N2；CDL-095 L198「非戰場即時info-dump」、CDL-060,美夜子「冷、功能性」＋晴香「強行正常」兩個都壓住情緒，場面可能平。壓力靠「身體漏口」一個載體,CLEAN_AFTER_ATTACK：攻擊＝兩邊都壓抑會冇戲。攻唔入：Beat 表已指定「驚由身體／一句漏口出賣」同「美夜子選避風位擋風（optional）」兩個行為載體，衝突係「冷 vs 暖」嘅方向相反，唔係同向壓抑,| 4 | N2 | 天台到場：冷＋「口否認、身體守」係咪帶出張力而唔係單純冷漠？ | Beat 表 N2；CDL-095 L198「非戰場即時info-dump」、CDL-060 | 美夜子「冷、功能性」＋晴香「強行正常」兩個都壓住情緒，場面可能平。壓力靠「身體漏口」一個載體 | CLEAN_AFTER_ATTACK：攻擊＝兩邊都壓抑會冇戲。攻唔入：Beat 表已指定「驚由身體／一句漏口出賣」同「美夜子選避風位擋風（optional）」兩個行為載體，衝突係「冷 vs 暖」嘅方向相反，唔係同向壓抑 |
D,43,角度 4：Atmosphere / Tension,6,NEEDS_AUTHOR,4,N3,Beat 表 N3「孤立感由高處視覺帶」；CDL-054／055,世界觀說明 beat 容易變 info-dump；不安只靠「高處視覺」一個載體，若冇觀眾讀到「美夜子揀講／唔講」，就只剩設定介紹,NEEDS_AUTHOR：觀眾要唔要讀到「美夜子隱瞞」屬資訊控制，由 agent B 組判；喺氣氛層面我只能講：呢個 beat 嘅不安完全依賴觀眾察覺行為層迴避，Beat 表冇講察覺嘅觸發點,| 4 | N3 | 世界規則輪廓＋共謀誤導：孤立感夠唔夠做不安來源？ | Beat 表 N3「孤立感由高處視覺帶」；CDL-054／055 | 世界觀說明 beat 容易變 info-dump；不安只靠「高處視覺」一個載體，若冇觀眾讀到「美夜子揀講／唔講」，就只剩設定介紹 | NEEDS_AUTHOR：觀眾要唔要讀到「美夜子隱瞞」屬資訊控制，由 agent B 組判；喺氣氛層面我只能講：呢個 beat 嘅不安完全依賴觀眾察覺行為層迴避，Beat 表冇講察覺嘅觸發點 |
D,44,角度 4：Atmosphere / Tension,6,FINDING,4,N4,Beat 表 N4；CDL-053「近乎天真嘅熱情全盤接受」,觀眾冇睇過首戰（輸入包 A），無從比較「正常嘅晴香」；對沒基準嘅觀眾，快接受只係角色設定,FINDING（NOTE）：「接受得過快」要有對照先成立。Demo 觀眾冇 SEQ1，建議喺 N2 嘅「強行正常」同 N4 嘅「接受」之間留一個可見嘅猶豫跡象（身體層，唔係對白），令快接受變成「驚被拒絕過驚自己」。代價：N4 收窄「天真」味；放棄咗純粹天真讀法；分別：由「角色性格」變「角色防衛」，同 CDL-053 嘅「天真」微調而非推翻，須作者確認,| 4 | N4 | 「接受得過快＝少少不安」係咪真係令觀眾唔安，定係令觀眾覺得晴香傻？ | Beat 表 N4；CDL-053「近乎天真嘅熱情全盤接受」 | 觀眾冇睇過首戰（輸入包 A），無從比較「正常嘅晴香」；對沒基準嘅觀眾，快接受只係角色設定 | FINDING（NOTE）：「接受得過快」要有對照先成立。Demo 觀眾冇 SEQ1，建議喺 N2 嘅「強行正常」同 N4 嘅「接受」之間留一個可見嘅猶豫跡象（身體層，唔係對白），令快接受變成「驚被拒絕過驚自己」。代價：N4 收窄「天真」味；放棄咗純粹天真讀法；分別：由「角色性格」變「角色防衛」，同 CDL-053 嘅「天真」微調而非推翻，須作者確認 |
D,45,角度 4：Atmosphere / Tension,6,CLEAN_AFTER_ATTACK,4,B1,Beat 表 B1；CDL-176（E-02 暗紅光）；CDL-073 L171,戰場遠景「極難察覺」暗紅光＝多數觀眾根本睇唔到；UI 彈出若係樂觀爽感，冇不安,CLEAN_AFTER_ATTACK：攻擊＝暗紅光冇人睇到＝白埋位。攻唔入：呢個係給重看用嘅 plant，唔係本輪不安來源；本輪不安由「晴香仍帶驚但行動」承擔，已喺 N1/N2 鋪墊,| 4 | B1 | 開戰：暗紅光、驚但行動、UI 彈出——氣氛係「刺激」定「不安」？ | Beat 表 B1；CDL-176（E-02 暗紅光）；CDL-073 L171 | 戰場遠景「極難察覺」暗紅光＝多數觀眾根本睇唔到；UI 彈出若係樂觀爽感，冇不安 | CLEAN_AFTER_ATTACK：攻擊＝暗紅光冇人睇到＝白埋位。攻唔入：呢個係給重看用嘅 plant，唔係本輪不安來源；本輪不安由「晴香仍帶驚但行動」承擔，已喺 N1/N2 鋪墊 |
D,46,角度 4：Atmosphere / Tension,6,FINDING,4,B2–B4b,Beat 表 B2／B4／B4b；CDL-083／084；CDL-224 L359,B4b「晴香壓住局面一下」係爽感；B4 嘅猶豫＋凜一句係唯一暗流，但只一瞬；連結本身嘅入侵性冇載體（見 F-A5-2）,FINDING 併入 F-A5-2（連結入侵性）及 F-A4-1,| 4 | B2–B4b | 擋、連結、猶豫、「冇問」：不安係咪被連結嘅「力量暴增」爽感蓋過？ | Beat 表 B2／B4／B4b；CDL-083／084；CDL-224 L359 | B4b「晴香壓住局面一下」係爽感；B4 嘅猶豫＋凜一句係唯一暗流，但只一瞬；連結本身嘅入侵性冇載體（見 F-A5-2） | FINDING 併入 F-A5-2（連結入侵性）及 F-A4-1 |
D,47,角度 4：Atmosphere / Tension,6,FINDING,4,B5–B7b,Beat 表 B5–B7b；CDL-050／064／322,全段係動作＋英雄化；B7「笑問裙子污糟未」係晴香 coping，但冇外部角色察覺；B7b 順手救人加熱血,FINDING 併入 F-A4-1：呢段係本幕英雄幻象峰值，合法嘅「偽」，但 Beat 表冇標邊個角色／行為令觀眾覺得「呢個英雄姿態唔對路」,| 4 | B5–B7b | 操登場、伏擊、本能衝、身體擋、順手救人：氣氛係熱血，不安喺邊？ | Beat 表 B5–B7b；CDL-050／064／322 | 全段係動作＋英雄化；B7「笑問裙子污糟未」係晴香 coping，但冇外部角色察覺；B7b 順手救人加熱血 | FINDING 併入 F-A4-1：呢段係本幕英雄幻象峰值，合法嘅「偽」，但 Beat 表冇標邊個角色／行為令觀眾覺得「呢個英雄姿態唔對路」 |
D,48,角度 4：Atmosphere / Tension,6,CLEAN_AFTER_ATTACK,4,B8,Beat 表 B8；CDL-050,傲嬌喜劇可能完全吞走不安,CLEAN_AFTER_ATTACK：攻擊＝全喜劇化。攻唔入：B8 位置喺戰鬥完結之前，前面有 B7 受擊，而且 B9 即刻有手震預埋，喜劇只佔一小段,| 4 | B8 | 操震驚＋傲嬌入隊：喜劇暖 | Beat 表 B8；CDL-050 | 傲嬌喜劇可能完全吞走不安 | CLEAN_AFTER_ATTACK：攻擊＝全喜劇化。攻唔入：B8 位置喺戰鬥完結之前，前面有 B7 受擊，而且 B9 即刻有手震預埋，喜劇只佔一小段 |
D,49,角度 4：Atmosphere / Tension,6,CLEAN_AFTER_ATTACK,4,B9,Beat 表 B9；CDL-073 L171「戰鬥前後歡呼／求簽名／討論下注」及「玩家逐漸對將死亡包裝成『刷數據』感到異常不安」,「葡萄糖槍餘量見底**或**晴香手震」留咗「或」，未定就唔知有冇不安載體,CLEAN_AFTER_ATTACK（附 NOTE）：呢個係 demo 最貼近「好暖，只有少少不安」嘅 beat——人群歡呼（暖）對手震（不安）同場。攻擊＝「或」令預埋可能變成冇不安；攻唔入：兩個選項都係身體層代價，只係要選一個；NOTE：建議 Beat 層落實手震（人群面前仍可被看見），因為槍餘量係 gameplay 資訊，唔係情緒載體,| 4 | B9 | 結算＋人群歡呼＋手震：暖與不安並置 | Beat 表 B9；CDL-073 L171「戰鬥前後歡呼／求簽名／討論下注」及「玩家逐漸對將死亡包裝成『刷數據』感到異常不安」 | 「葡萄糖槍餘量見底**或**晴香手震」留咗「或」，未定就唔知有冇不安載體 | CLEAN_AFTER_ATTACK（附 NOTE）：呢個係 demo 最貼近「好暖，只有少少不安」嘅 beat——人群歡呼（暖）對手震（不安）同場。攻擊＝「或」令預埋可能變成冇不安；攻唔入：兩個選項都係身體層代價，只係要選一個；NOTE：建議 Beat 層落實手震（人群面前仍可被看見），因為槍餘量係 gameplay 資訊，唔係情緒載體 |
D,50,角度 4：Atmosphere / Tension,6,FINDING,4,B10,Beat 表 B10；輸入包 A（作者決定偏離 Outline）；ACT_I_OUTLINE L226–241,暖收束若純暖，就等於取消咗 Outline 原本嘅「勝利後靜默」所帶嘅不安,FINDING 併入 F-A4-1／F-A25-1：作者已決定，但冇交代不安嘅轉移位,| 4 | B10 | 暖收束：同「勝利後靜默」嘅差別 | Beat 表 B10；輸入包 A（作者決定偏離 Outline）；ACT_I_OUTLINE L226–241 | 暖收束若純暖，就等於取消咗 Outline 原本嘅「勝利後靜默」所帶嘅不安 | FINDING 併入 F-A4-1／F-A25-1：作者已決定，但冇交代不安嘅轉移位 |
D,51,角度 4：Atmosphere / Tension,6,CLEAN_AFTER_ATTACK,4,M1,Beat 表 M1；CDL-141 L254,低血糖係身體代價，最有張力,CLEAN_AFTER_ATTACK：攻擊＝只係實用理由。攻唔入：「三人手震／疲」令之前嘅暖收束有代價，係 B10 至 M4 之間唯一嘅身體不安點,| 4 | M1 | 低血糖：被迫要補給 | Beat 表 M1；CDL-141 L254 | 低血糖係身體代價，最有張力 | CLEAN_AFTER_ATTACK：攻擊＝只係實用理由。攻唔入：「三人手震／疲」令之前嘅暖收束有代價，係 B10 至 M4 之間唯一嘅身體不安點 |
D,52,角度 4：Atmosphere / Tension,6,CLEAN_AFTER_ATTACK,4,M2,Beat 表 M2,純喜劇計劃,CLEAN_AFTER_ATTACK：攻擊＝全部係鬥嘴。攻唔入：M2 嘅功能係過渡（「晴香想要個可以放鬆嘅地方」），本身 NOT 要負責不安，而且前有 M1 後有 M3 嘅外部事件承接,| 4 | M2 | 決定夜潛：計劃感＋嫌棄 | Beat 表 M2 | 純喜劇計劃 | CLEAN_AFTER_ATTACK：攻擊＝全部係鬥嘴。攻唔入：M2 嘅功能係過渡（「晴香想要個可以放鬆嘅地方」），本身 NOT 要負責不安，而且前有 M1 後有 M3 嘅外部事件承接 |
D,53,角度 4：Atmosphere / Tension,6,FINDING,4,M3,Beat 表 M3,緊張係喜劇緊張（險些被發現），唔係不安,FINDING 併入 F-A4-1：M3 嘅張力係「逗笑嘅 suspense」，同 M4 嘅暖同向,| 4 | M3 | 潛入：保安險些撞見＋肚子叫 | Beat 表 M3 | 緊張係喜劇緊張（險些被發現），唔係不安 | FINDING 併入 F-A4-1：M3 嘅張力係「逗笑嘅 suspense」，同 M4 嘅暖同向 |
D,54,角度 4：Atmosphere / Tension,6,FINDING,4,M4,Beat 表 M4；Brief L4697；CDL-141「Act I建立得越溫暖越慘」,三人版冇紫音（CDL-141：紫音「暴躁差點暴力破門」），基地失去唯一不穩定因素；M4 純暖,FINDING：F-A4-1,| 4 | M4 | 暖峰：「荒謬生存→化學反應」；操堅持佈置好睇 | Beat 表 M4；Brief L4697；CDL-141「Act I建立得越溫暖越慘」 | 三人版冇紫音（CDL-141：紫音「暴躁差點暴力破門」），基地失去唯一不穩定因素；M4 純暖 | FINDING：F-A4-1 |
D,55,角度 4：Atmosphere / Tension,6,FINDING,4,H1,Beat 表 H1；Brief L4846；CDL-224,冷尾鉤一個重擊，之前冇逐步累積,FINDING：F-A4-1 同見角度 25,| 4 | H1 | 尾鉤：冷 | Beat 表 H1；Brief L4846；CDL-224 | 冷尾鉤一個重擊，之前冇逐步累積 | FINDING：F-A4-1 同見角度 25 |
D,70,角度 25：Pacing / Breathing,6,CLEAN_AFTER_ATTACK,25,N1→N2,Beat 表 N1／N2；ACT_I_BEAT_SHEET L582（呼吸段落依賴 Beat 2.5 珍寶珠＋2.6 基地，demo 並未完整擁有）,兩個都係「晴香強行正常」＋「驚漏口」，功能重複，觀眾會覺得同一場講兩次,CLEAN_AFTER_ATTACK：攻擊＝N1／N2 同一情緒。攻唔入：N1 係獨處（無人睇），N2 係有人睇（美夜子）——「強行正常」嘅觀眾由零變一，漏口方式唔同（身體 vs 一句漏口），係升級而唔係重複,| 25 | N1→N2 | 夜獨處（靜）→天台（靜）：連續兩個靜 beat 嘅長度同分別 | Beat 表 N1／N2；ACT_I_BEAT_SHEET L582（呼吸段落依賴 Beat 2.5 珍寶珠＋2.6 基地，demo 並未完整擁有） | 兩個都係「晴香強行正常」＋「驚漏口」，功能重複，觀眾會覺得同一場講兩次 | CLEAN_AFTER_ATTACK：攻擊＝N1／N2 同一情緒。攻唔入：N1 係獨處（無人睇），N2 係有人睇（美夜子）——「強行正常」嘅觀眾由零變一，漏口方式唔同（身體 vs 一句漏口），係升級而唔係重複 |
D,72,角度 25：Pacing / Breathing,6,FINDING,25,N4→B1,Beat 表 SEQ3a 標題「硬切接 N4；開戰＝『之後某次屍骸入侵』」；Demo 冇變身 beat,硬切＝冇過渡；之前最後一個畫面係晴香接受任務，下一個係戰鬥，缺少「進入魔法少女狀態」嘅門檻,FINDING：F-A25-2（NOTE）,| 25 | N4→B1 | 由「接受」跳去開戰：有冇門檻 | Beat 表 SEQ3a 標題「硬切接 N4；開戰＝『之後某次屍骸入侵』」；Demo 冇變身 beat | 硬切＝冇過渡；之前最後一個畫面係晴香接受任務，下一個係戰鬥，缺少「進入魔法少女狀態」嘅門檻 | FINDING：F-A25-2（NOTE） |
D,73,角度 25：Pacing / Breathing,6,CLEAN_AFTER_ATTACK,25,B1–B4b,Beat 表；ACT_I_BEAT_SHEET L614／L662,連續 5 個 beat 全部升張力，無喘息,CLEAN_AFTER_ATTACK：攻擊＝無喘息位。攻唔入：B2 嘅「晴香照字面接受藉口」同 B4 嘅「冇問」係情感微降位，戰鬥內部有高低起伏；而且動作段本身係遊戲玩法，玩家有操作,| 25 | B1–B4b | 開戰→擋→連結→壓局：上升段 | Beat 表；ACT_I_BEAT_SHEET L614／L662 | 連續 5 個 beat 全部升張力，無喘息 | CLEAN_AFTER_ATTACK：攻擊＝無喘息位。攻唔入：B2 嘅「晴香照字面接受藉口」同 B4 嘅「冇問」係情感微降位，戰鬥內部有高低起伏；而且動作段本身係遊戲玩法，玩家有操作 |
D,74,角度 25：Pacing / Breathing,6,CLEAN_AFTER_ATTACK,25,B5–B8,Beat 表 B5–B8,B6→B6b→B7→B7b 四個 beat 連續高張力，然後 B8 喜劇釋放,CLEAN_AFTER_ATTACK：攻擊＝第二波高潮太長。攻唔入：B7b（順手救路人）係短 beat，B8 即刻釋放，曲線係「升、升、釋放」而唔係「平」,| 25 | B5–B8 | 操登場→伏擊→救援→入隊：第二上升＋第一個釋放 | Beat 表 B5–B8 | B6→B6b→B7→B7b 四個 beat 連續高張力，然後 B8 喜劇釋放 | CLEAN_AFTER_ATTACK：攻擊＝第二波高潮太長。攻唔入：B7b（順手救路人）係短 beat，B8 即刻釋放，曲線係「升、升、釋放」而唔係「平」 |
D,75,角度 25：Pacing / Breathing,6,CLEAN_AFTER_ATTACK,25,B9→B10→M1,Beat 表 B9／B10／M1,B10 暖收束之後 M1 即刻低血糖，暖收束只活 1 個 beat 就被打斷，節奏上 B10 浪費,CLEAN_AFTER_ATTACK（併入 F-A25-1）：攻擊成立一半。攻唔入嘅部分：M1 屬 Cost Signal=R，係有因果嘅延遲代價,| 25 | B9→B10→M1 | 結算→暖收束→低血糖：釋放後立即再扣一下 | Beat 表 B9／B10／M1 | B10 暖收束之後 M1 即刻低血糖，暖收束只活 1 個 beat 就被打斷，節奏上 B10 浪費 | CLEAN_AFTER_ATTACK（併入 F-A25-1）：攻擊成立一半。攻唔入嘅部分：M1 屬 Cost Signal=R，係有因果嘅延遲代價 |
D,76,角度 25：Pacing / Breathing,6,FINDING,25,B10 vs M4,Beat 表 B10／M4,B10 暖收束同 M4 暖峰描述相近（都係「暖」），觀眾無從分辨邊個係頂峰,FINDING：F-A25-1,| 25 | B10 vs M4 | 兩個「暖」嘅分別 | Beat 表 B10／M4 | B10 暖收束同 M4 暖峰描述相近（都係「暖」），觀眾無從分辨邊個係頂峰 | FINDING：F-A25-1 |
D,77,角度 25：Pacing / Breathing,6,CLEAN_AFTER_ATTACK,25,M1→M2→M3→M4,Beat 表 M1–M4；CDL-141,M2 係計劃（靜）、M3 係事件（動）、M4 係結果（暖）——曲線合理，但全部喺同一個調性家族（暖／喜劇）,CLEAN_AFTER_ATTACK：攻擊＝調性冇變化。攻唔入：M1 係身體低谷、M3 係 suspense，內部有 3 種張力類型；調性集中問題已歸入 F-A4-1,| 25 | M1→M2→M3→M4 | 基地戲四拍：由低到高暖 | Beat 表 M1–M4；CDL-141 | M2 係計劃（靜）、M3 係事件（動）、M4 係結果（暖）——曲線合理，但全部喺同一個調性家族（暖／喜劇） | CLEAN_AFTER_ATTACK：攻擊＝調性冇變化。攻唔入：M1 係身體低谷、M3 係 suspense，內部有 3 種張力類型；調性集中問題已歸入 F-A4-1 |
D,78,角度 25：Pacing / Breathing,6,FINDING,25,M4→H1,Beat 表 H1「M4 暖峰之後…操獨處一刻」；Brief L4729,尾鉤係單一重擊、冇緩衝，之前冇累積，會被讀成「硬塞嘅 shock」；而且「牙真跌」係最重嘅身體事件，放喺 demo 最後一個 beat,FINDING 併入 F-A4-1／F-A19-1：節奏上由 M4 嘅最高暖直接跌落，反差最大但累積最少；若喺 B10–M3 有分佈式不安，H1 就係累積後嘅爆發,| 25 | M4→H1 | 暖峰→冷尾鉤：一下重擊 | Beat 表 H1「M4 暖峰之後…操獨處一刻」；Brief L4729 | 尾鉤係單一重擊、冇緩衝，之前冇累積，會被讀成「硬塞嘅 shock」；而且「牙真跌」係最重嘅身體事件，放喺 demo 最後一個 beat | FINDING 併入 F-A4-1／F-A19-1：節奏上由 M4 嘅最高暖直接跌落，反差最大但累積最少；若喺 B10–M3 有分佈式不安，H1 就係累積後嘅爆發 |
D,101,角度 17：Symbolic / Ritual Behavior,6,FINDING,17,N1 熱可可,haruka.md L295；CDL-123 L232；Brief 冇熱可可（0 match）,Beat 表 N1 寫「暖（舒服）為主」，「努力『正常』」只係一詞；觀眾冇見過刮杯底糖呢類強迫行為，只會讀成可愛 cozy。若讀成 cozy，之後 Act II 可樂失味嘅 payoff（ACT_II_OUTLINE L800–802）只係「失去一杯飲品」，唔係「失去強行正常嘅儀式」,FINDING：F-A17-2,| 17 | N1 熱可可 | 熱可可喺 N1 係「病態強行正常」定「舒服小確幸」？Symbol 係咪被 validate？ | haruka.md L295；CDL-123 L232；Brief 冇熱可可（0 match） | Beat 表 N1 寫「暖（舒服）為主」，「努力『正常』」只係一詞；觀眾冇見過刮杯底糖呢類強迫行為，只會讀成可愛 cozy。若讀成 cozy，之後 Act II 可樂失味嘅 payoff（ACT_II_OUTLINE L800–802）只係「失去一杯飲品」，唔係「失去強行正常嘅儀式」 | FINDING：F-A17-2 |
D,102,角度 17：Symbolic / Ritual Behavior,6,CLEAN_AFTER_ATTACK,17,N2,Beat 表 N2「無論如何都笑」（CDL 上游）,笑係行為，但冇物件；若 N2 同 N1 唔連埋，觀眾見唔到 ritual 嘅重複性,CLEAN_AFTER_ATTACK：攻擊＝只得一個 ritual 出現一次。攻唔入：N2 嘅「強行正常」係行為層重複（笑），同 N1 熱可可係同一個 coping 嘅兩個載體，唔需要新物件,| 17 | N2 | 有冇重複行為／物件承載「強行正常」？ | Beat 表 N2「無論如何都笑」（CDL 上游） | 笑係行為，但冇物件；若 N2 同 N1 唔連埋，觀眾見唔到 ritual 嘅重複性 | CLEAN_AFTER_ATTACK：攻擊＝只得一個 ritual 出現一次。攻唔入：N2 嘅「強行正常」係行為層重複（笑），同 N1 熱可可係同一個 coping 嘅兩個載體，唔需要新物件 |
D,103,角度 17：Symbolic / Ritual Behavior,6,NOT_APPLICABLE,17,N3／N4,Beat 表 N3「視線／位置回避」、N4,N3 嘅「高處視覺」係空間 symbol（孤立）,NOT_APPLICABLE：N3 嘅載體係美夜子嘅位置／視線（行為層），N4 係對話接受，兩者冇獨立物件或重複行為；空間孤立感已喺角度 4 處理,| 17 | N3／N4 | 有冇象徵？ | Beat 表 N3「視線／位置回避」、N4 | N3 嘅「高處視覺」係空間 symbol（孤立） | NOT_APPLICABLE：N3 嘅載體係美夜子嘅位置／視線（行為層），N4 係對話接受，兩者冇獨立物件或重複行為；空間孤立感已喺角度 4 處理 |
D,104,角度 17：Symbolic / Ritual Behavior,6,CLEAN_AFTER_ATTACK,17,B1,CDL-176；CDL-073 L171,暗紅光係 plant 唔係 symbol；UI 係世界觀載體,CLEAN_AFTER_ATTACK：攻擊＝暗紅光冇人睇到就唔係 symbol。攻唔入：佢嘅功能係重看回收，本輪唔需要被理解,| 17 | B1 | 暗紅光、直播 UI | CDL-176；CDL-073 L171 | 暗紅光係 plant 唔係 symbol；UI 係世界觀載體 | CLEAN_AFTER_ATTACK：攻擊＝暗紅光冇人睇到就唔係 symbol。攻唔入：佢嘅功能係重看回收，本輪唔需要被理解 |
D,105,角度 17：Symbolic / Ritual Behavior,6,FINDING,17,B2–B4b,HC-4f L66「變身係浮士德式契約；視聽代價要每次都見；純美麗賦能儀式禁止」；CDL-224 L359,Beat v3 冇變身 beat，連結啟動（B4）係唯一嘅「契約儀式」；Beat 表 B4 只寫「力量暴增」「猶豫」「凜一句」，冇交代視聽代價,FINDING：F-A17-1,| 17 | B2–B4b | 連結本身係咪 ritual？ | HC-4f L66「變身係浮士德式契約；視聽代價要每次都見；純美麗賦能儀式禁止」；CDL-224 L359 | Beat v3 冇變身 beat，連結啟動（B4）係唯一嘅「契約儀式」；Beat 表 B4 只寫「力量暴增」「猶豫」「凜一句」，冇交代視聽代價 | FINDING：F-A17-1 |
D,106,角度 17：Symbolic / Ritual Behavior,6,CLEAN_AFTER_ATTACK,17,B5–B7b,Beat 表,B7 晴香身體擋＋笑問裙子係重複行為（自我犧牲＋笑），係 CDL-050 嘅 symbol,CLEAN_AFTER_ATTACK：攻擊＝只係動作。攻唔入：B7 係晴香 Act I「無論如何都笑」嘅行為載體，同 N2 呼應，係 stance 嘅具體化；Act I validate 佢（見角度 18）,| 17 | B5–B7b | 操登場、身體擋 | Beat 表 | B7 晴香身體擋＋笑問裙子係重複行為（自我犧牲＋笑），係 CDL-050 嘅 symbol | CLEAN_AFTER_ATTACK：攻擊＝只係動作。攻唔入：B7 係晴香 Act I「無論如何都笑」嘅行為載體，同 N2 呼應，係 stance 嘅具體化；Act I validate 佢（見角度 18） |
D,107,角度 17：Symbolic / Ritual Behavior,6,CLEAN_AFTER_ATTACK,17,B9,Beat 表 B9,手震係身體 symbol；UI 結算係世界觀 symbol；兩者同時出現可能搶焦點,CLEAN_AFTER_ATTACK：攻擊＝兩個 symbol 搶戲。攻唔入：UI 結算係環境、手震係角色，唔同層，而且 Beat 表只要求「預埋」唔係重點,| 17 | B9 | 葡萄糖槍、UI 結算、手震 | Beat 表 B9 | 手震係身體 symbol；UI 結算係世界觀 symbol；兩者同時出現可能搶焦點 | CLEAN_AFTER_ATTACK：攻擊＝兩個 symbol 搶戲。攻唔入：UI 結算係環境、手震係角色，唔同層，而且 Beat 表只要求「預埋」唔係重點 |
D,108,角度 17：Symbolic / Ritual Behavior,6,NOT_APPLICABLE,17,B10／M1,miyako.md L192,無獨立 symbol,NOT_APPLICABLE：B10 係暖收束、M1 係低血糖，載體只係已列物件嘅再現,| 17 | B10／M1 | 貓、葡萄糖 | miyako.md L192 | 無獨立 symbol | NOT_APPLICABLE：B10 係暖收束、M1 係低血糖，載體只係已列物件嘅再現 |
D,109,角度 17：Symbolic / Ritual Behavior,6,FINDING,17,M3／M4 貓,miyako.md L64「需要依附別人才能生存」；L192 Act I 全程貓形,暖峰若貓蜷縮晴香膝上，觀眾讀成可愛；實際係美夜子憎嘅姿態＝強行嘅暖；Beat 表 M4 冇指明貓姿態,FINDING（NOTE）：F-A17-3,| 17 | M3／M4 貓 | 貓形態喺基地：貓蜷縮／被晴香抱 = 美夜子憎嘅依附姿態 | miyako.md L64「需要依附別人才能生存」；L192 Act I 全程貓形 | 暖峰若貓蜷縮晴香膝上，觀眾讀成可愛；實際係美夜子憎嘅姿態＝強行嘅暖；Beat 表 M4 冇指明貓姿態 | FINDING（NOTE）：F-A17-3 |
D,110,角度 17：Symbolic / Ritual Behavior,6,CLEAN_AFTER_ATTACK,17,M4 佈置,Beat 表 M4「極輕虛榮種子」；matrix L117–135 操 stated belief＝formalism,虛榮種子好細，可能無人記得,CLEAN_AFTER_ATTACK：攻擊＝種子細到無效。攻唔入：「極輕」係 Outline 埋伏要求，且 M4 唔係靠呢粒種子撐,| 17 | M4 佈置 | 操「堅持佈置得好睇」 | Beat 表 M4「極輕虛榮種子」；matrix L117–135 操 stated belief＝formalism | 虛榮種子好細，可能無人記得 | CLEAN_AFTER_ATTACK：攻擊＝種子細到無效。攻唔入：「極輕」係 Outline 埋伏要求，且 M4 唔係靠呢粒種子撐 |
D,111,角度 17：Symbolic / Ritual Behavior,6,FINDING,17,H1 牙,Brief L4846、L6061–6077、L6098（「代價不在當下爆出，而是被迫延後 … 先處理現場才掉牙、失聲」）；ayakomoji_misao.md L290／L292／L298,牙係整個 demo 最重嘅象徵，睇得清、單一、冇其他象徵平衡；會搶走 N1 熱可可同 B9 手震嘅位置；而且按 Brief「甜係真的，痛也係真的，就係同一口裡面」，牙同甜應喺同一動作入面，但 H1 嘅牙獨立於甜,FINDING：F-A19-1／F-A19-2（形式），F-A17-3（過載）,| 17 | H1 牙 | 牙係 symbol 定純事件？validate 定拆穿？ | Brief L4846、L6061–6077、L6098（「代價不在當下爆出，而是被迫延後 … 先處理現場才掉牙、失聲」）；ayakomoji_misao.md L290／L292／L298 | 牙係整個 demo 最重嘅象徵，睇得清、單一、冇其他象徵平衡；會搶走 N1 熱可可同 B9 手震嘅位置；而且按 Brief「甜係真的，痛也係真的，就係同一口裡面」，牙同甜應喺同一動作入面，但 H1 嘅牙獨立於甜 | FINDING：F-A19-1／F-A19-2（形式），F-A17-3（過載） |
D,138,角度 18：Narrative Validation Level,6,CLEAN_AFTER_ATTACK,18,N1,matrix L55；Beat 表 N1「晴香自圓其說」,N1 以「暖（舒服）為主」呈現，等於 validate；觀眾未見任何拆穿,CLEAN_AFTER_ATTACK：攻擊＝只 validate 無 complicate。攻唔入：「倒影慢半拍」係敘事層面嘅 complicate（角色自圓其說，故事冇），matrix L55 寫 Act I validates，符合,| 18 | N1 | 故事對晴香「強行正常」嘅處理：validate／complicate？ | matrix L55；Beat 表 N1「晴香自圓其說」 | N1 以「暖（舒服）為主」呈現，等於 validate；觀眾未見任何拆穿 | CLEAN_AFTER_ATTACK：攻擊＝只 validate 無 complicate。攻唔入：「倒影慢半拍」係敘事層面嘅 complicate（角色自圓其說，故事冇），matrix L55 寫 Act I validates，符合 |
D,139,角度 18：Narrative Validation Level,6,CLEAN_AFTER_ATTACK,18,N2,matrix L75（美夜子 complicates）；miyako.md L64,「口否認、身體守」令美夜子被 validate 為「其實好人」，削弱 complicates,CLEAN_AFTER_ATTACK：攻擊＝提前 validate。攻唔入：身體守係 optional，且係行為層（觀眾可選擇讀成冷定暖），matrix 嘅 complicates 係全故事層面，Act I 先唔拆穿合理,| 18 | N2 | 美夜子嘅「冷、功能性」＋口否認身體守 | matrix L75（美夜子 complicates）；miyako.md L64 | 「口否認、身體守」令美夜子被 validate 為「其實好人」，削弱 complicates | CLEAN_AFTER_ATTACK：攻擊＝提前 validate。攻唔入：身體守係 optional，且係行為層（觀眾可選擇讀成冷定暖），matrix 嘅 complicates 係全故事層面，Act I 先唔拆穿合理 |
D,140,角度 18：Narrative Validation Level,6,FINDING,18,N3,THEME_CONFLICT_EXPRESSION_TABLE L24（DIALOGUE_ONLY：晴香「知道真相能真正幫助人」vs 美夜子「謊言是最有效的保護」；outcome 美夜子孤獨喺「成功欺騙」中加深）,Demo 內晴香唔辯，只聽、接受；故事 treatment 變成純 validate 美夜子,FINDING：F-A5-1（衝突單邊）；treatment 層面標 NEEDS_AUTHOR（demo 觀眾係咪應覺得美夜子「成功」）,| 18 | N3 | 共謀誤導：故事係咪 validate「謊言係最有效保護」？ | THEME_CONFLICT_EXPRESSION_TABLE L24（DIALOGUE_ONLY：晴香「知道真相能真正幫助人」vs 美夜子「謊言是最有效的保護」；outcome 美夜子孤獨喺「成功欺騙」中加深） | Demo 內晴香唔辯，只聽、接受；故事 treatment 變成純 validate 美夜子 | FINDING：F-A5-1（衝突單邊）；treatment 層面標 NEEDS_AUTHOR（demo 觀眾係咪應覺得美夜子「成功」） |
D,141,角度 18：Narrative Validation Level,6,NEEDS_AUTHOR,18,N4,CDL-053,若觀眾讀成「單純可愛」就 validate；讀成「被命中情結」就 complicate,NEEDS_AUTHOR：見 F-A4-1 之 N4 NOTE；Beat 表未寫觀眾應讀邊個,| 18 | N4 | 晴香快接受：validate 定 complicate？ | CDL-053 | 若觀眾讀成「單純可愛」就 validate；讀成「被命中情結」就 complicate | NEEDS_AUTHOR：見 F-A4-1 之 N4 NOTE；Beat 表未寫觀眾應讀邊個 |
D,142,角度 18：Narrative Validation Level,6,FINDING,18,B1–B4b,CDL-224 L359（連結＝「強制心理入侵與創傷共享」；晴香強制情感透明嘅體驗驅動 Act IV 拒絕）；HC-2f（四人協議冇 nod scene）,B4「晴香察覺冇問、照樣答應」＋B4b「壓住局面」，連結被呈現為有效率嘅強化，入侵性冇載體,FINDING：F-A5-2,| 18 | B1–B4b | 連結：故事 treatment 係 reject（強制入侵）定 validate（力量暴增）？ | CDL-224 L359（連結＝「強制心理入侵與創傷共享」；晴香強制情感透明嘅體驗驅動 Act IV 拒絕）；HC-2f（四人協議冇 nod scene） | B4「晴香察覺冇問、照樣答應」＋B4b「壓住局面」，連結被呈現為有效率嘅強化，入侵性冇載體 | FINDING：F-A5-2 |
D,143,角度 18：Narrative Validation Level,6,CLEAN_AFTER_ATTACK,18,B5–B8,matrix L55；HC-1b L17（Act I–II 建構傳統動畫幻象，不預先揭黑暗）；HC-5b（Dark Healing taboo list，包括「努力必有回報」）,攻擊＝B7「受擊＋笑」＋B8 操入隊＝努力必有回報，觸犯 HC-5b,CLEAN_AFTER_ATTACK：攻擊如上。攻唔入：Act I 偽英雄旅程嘅 validate 係被設計嘅「偽」（matrix L55 Act I validates，overall complicates），B7 嘅代價（受擊）有身體層，而後續 Act II–III 嘅 complicate 負責拆穿,| 18 | B5–B8 | 晴香自我犧牲：validate | matrix L55；HC-1b L17（Act I–II 建構傳統動畫幻象，不預先揭黑暗）；HC-5b（Dark Healing taboo list，包括「努力必有回報」） | 攻擊＝B7「受擊＋笑」＋B8 操入隊＝努力必有回報，觸犯 HC-5b | CLEAN_AFTER_ATTACK：攻擊如上。攻唔入：Act I 偽英雄旅程嘅 validate 係被設計嘅「偽」（matrix L55 Act I validates，overall complicates），B7 嘅代價（受擊）有身體層，而後續 Act II–III 嘅 complicate 負責拆穿 |
D,144,角度 18：Narrative Validation Level,6,CLEAN_AFTER_ATTACK,18,B9／B10,CDL-073 L171（「玩家逐漸對將死亡包裝成『刷數據』感到異常不安」）,B10 暖收束＋人群歡呼 = 故事純 validate「英雄被愛」，同直播 UI 嘅批判（情緒資本主義）相反,CLEAN_AFTER_ATTACK：攻擊＝UI 批判消失。攻唔入：CDL-073 嘅「逐漸」不安係跨幕嘅，Act I 初段 validate 係 setup；B9 手震保留一條 complicate 線,| 18 | B9／B10 | 人群歡呼＋暖收束：故事 validate 咩？ | CDL-073 L171（「玩家逐漸對將死亡包裝成『刷數據』感到異常不安」） | B10 暖收束＋人群歡呼 = 故事純 validate「英雄被愛」，同直播 UI 嘅批判（情緒資本主義）相反 | CLEAN_AFTER_ATTACK：攻擊＝UI 批判消失。攻唔入：CDL-073 嘅「逐漸」不安係跨幕嘅，Act I 初段 validate 係 setup；B9 手震保留一條 complicate 線 |
D,145,角度 18：Narrative Validation Level,6,NOT_APPLICABLE,18,M1–M3,Beat 表 M1–M3,—,NOT_APPLICABLE：M1 低血糖、M2 決定夜潛、M3 躲保安，都係事件／計劃，冇角色立場對撞（Beat 表欄內冇任何價值選擇）,| 18 | M1–M3 | 無立場 beat | Beat 表 M1–M3 | — | NOT_APPLICABLE：M1 低血糖、M2 決定夜潛、M3 躲保安，都係事件／計劃，冇角色立場對撞（Beat 表欄內冇任何價值選擇） |
D,146,角度 18：Narrative Validation Level,6,FINDING,18,M2／M4 操,matrix L117–135：操 stated belief＝formalism，Act I tradeoff「獲得『觀眾』，但代價是『被看穿破綻的風險』」，treatment＝BK,M4「堅持佈置得好睇」＋M2「主動留低」＝佢嘅虛榮被 validate；matrix 嘅 cost（被看穿破綻嘅風險）喺 M2–M4 冇載體，只喺 H1 獨處先出現,FINDING：F-A18-1,| 18 | M2／M4 操 | 操被寫成可愛／被接納：故事 validate 佢嘅 formalism？ | matrix L117–135：操 stated belief＝formalism，Act I tradeoff「獲得『觀眾』，但代價是『被看穿破綻的風險』」，treatment＝BK | M4「堅持佈置得好睇」＋M2「主動留低」＝佢嘅虛榮被 validate；matrix 嘅 cost（被看穿破綻嘅風險）喺 M2–M4 冇載體，只喺 H1 獨處先出現 | FINDING：F-A18-1 |
D,147,角度 18：Narrative Validation Level,6,NEEDS_AUTHOR,18,H1,matrix 同上；CDL-050（操獨處崩潰）,若觀眾讀成「操好堅強」＝validate 隱藏；讀成「操有事、唔畀人知」＝complicate,NEEDS_AUTHOR：輸入包 B 設計觀眾讀「操身體有事、佢唔畀人知」，但「畀人知／唔畀人知」係咪故事要 validate 或 complicate，canon（BK）未定,| 18 | H1 | 尾鉤：故事對操「隱藏」嘅 treatment | matrix 同上；CDL-050（操獨處崩潰） | 若觀眾讀成「操好堅強」＝validate 隱藏；讀成「操有事、唔畀人知」＝complicate | NEEDS_AUTHOR：輸入包 B 設計觀眾讀「操身體有事、佢唔畀人知」，但「畀人知／唔畀人知」係咪故事要 validate 或 complicate，canon（BK）未定 |
D,175,五個形式嘅必要性分析,6,CLEAN_AFTER_ATTACK,19,N1,Beat 表 N1,獨處＝無觀眾，「強行正常」冇對手，只靠觀眾理解,CLEAN_AFTER_ATTACK：攻擊＝可直接用 N2 帶出驚。攻唔入：N1 嘅獨處令「強行正常」係對自己做（無人要求），先有 N2 對美夜子做嘅對照,| 19 | N1 | 「夜獨處」形式：點解一定要獨處場？ | Beat 表 N1 | 獨處＝無觀眾，「強行正常」冇對手，只靠觀眾理解 | CLEAN_AFTER_ATTACK：攻擊＝可直接用 N2 帶出驚。攻唔入：N1 嘅獨處令「強行正常」係對自己做（無人要求），先有 N2 對美夜子做嘅對照 |
D,176,五個形式嘅必要性分析,6,CLEAN_AFTER_ATTACK,19,N2–N4 天台,CDL-095 L198／CDL-103 L208,三 beat 全靠對話，天台形式令 beat 變 talking heads,CLEAN_AFTER_ATTACK：攻擊如上。攻唔入：CDL-095 明定天台私密安靜，形式有上游，唔係 demo 自創；單調風險歸角度 25,| 19 | N2–N4 天台 | 見上表 | CDL-095 L198／CDL-103 L208 | 三 beat 全靠對話，天台形式令 beat 變 talking heads | CLEAN_AFTER_ATTACK：攻擊如上。攻唔入：CDL-095 明定天台私密安靜，形式有上游，唔係 demo 自創；單調風險歸角度 25 |
D,177,五個形式嘅必要性分析,6,FINDING,19,B1／B9 UI,CDL-073 L171；ACT_I_BEAT_SHEET L614／L662／L679／L744／L790,Beat Sheet E-02 草稿係戰鬥途中有旁觀者拍攝，Beat v3 B1「戰鬥途中人群唔喺場」，UI 傳達咩未講明,FINDING（NOTE）：F-A19-3,| 19 | B1／B9 UI | 見上表 | CDL-073 L171；ACT_I_BEAT_SHEET L614／L662／L679／L744／L790 | Beat Sheet E-02 草稿係戰鬥途中有旁觀者拍攝，Beat v3 B1「戰鬥途中人群唔喺場」，UI 傳達咩未講明 | FINDING（NOTE）：F-A19-3 |
D,178,五個形式嘅必要性分析,6,CLEAN_AFTER_ATTACK,19,B2–B4b 連結,CDL-224 L359；CDL-084,力量暴增功能可由純契約（口頭、物件）達成；「情緒連結」帶「強制心理入侵」嘅意義,CLEAN_AFTER_ATTACK（形式部分）：攻擊＝換成物件契約。攻唔入：「情緒連結」係 canon（CDL-224）核心設定，Beat v3 冇改形式；但呈現方式冇保留入侵性，見 F-A5-2,| 19 | B2–B4b 連結 | 點解連結一定要「情緒連結」？ | CDL-224 L359；CDL-084 | 力量暴增功能可由純契約（口頭、物件）達成；「情緒連結」帶「強制心理入侵」嘅意義 | CLEAN_AFTER_ATTACK（形式部分）：攻擊＝換成物件契約。攻唔入：「情緒連結」係 canon（CDL-224）核心設定，Beat v3 冇改形式；但呈現方式冇保留入侵性，見 F-A5-2 |
D,179,五個形式嘅必要性分析,6,NEEDS_AUTHOR,19,B5–B8,CDL-064,「冇得唔打」嘅燈塔效應冇載體（觀眾見到操但唔知點解佢要打）,NEEDS_AUTHOR：燈塔效應係咪要喺 demo 內可見，canon 冇指明；若唔可見，B5 只係「另一個戰士登場」,| 19 | B5–B8 | 操從高處介入／燈塔效應 | CDL-064 | 「冇得唔打」嘅燈塔效應冇載體（觀眾見到操但唔知點解佢要打） | NEEDS_AUTHOR：燈塔效應係咪要喺 demo 內可見，canon 冇指明；若唔可見，B5 只係「另一個戰士登場」 |
D,180,五個形式嘅必要性分析,6,NEEDS_AUTHOR,19,B7b,CDL-322；Beat 表「我加」,B7b 預留三種讀法（CDL-322）嘅 payoff，但 demo 內冇 payoff 載體,NEEDS_AUTHOR（歸入角度外關注點）：demo 係咪承載 CDL-322 嘅回收，抑或 B7b 只係動作調味,| 19 | B7b | 順手救路人 | CDL-322；Beat 表「我加」 | B7b 預留三種讀法（CDL-322）嘅 payoff，但 demo 內冇 payoff 載體 | NEEDS_AUTHOR（歸入角度外關注點）：demo 係咪承載 CDL-322 嘅回收，抑或 B7b 只係動作調味 |
D,181,五個形式嘅必要性分析,6,CLEAN_AFTER_ATTACK,19,M1–M4 夜潛,CDL-141 L254,三人版刪紫音，原設計「暴躁差點破門」喜劇頂點缺位,CLEAN_AFTER_ATTACK：攻擊＝缺咗紫音頂點，形式失去意義。攻唔入：輸入包 A 明示三人版必經，夜潛形式嘅意義（共同秘密）唔依賴紫音；M3 保安險撞＋肚子叫補咗喜劇頂點,| 19 | M1–M4 夜潛 | 見上表 | CDL-141 L254 | 三人版刪紫音，原設計「暴躁差點破門」喜劇頂點缺位 | CLEAN_AFTER_ATTACK：攻擊＝缺咗紫音頂點，形式失去意義。攻唔入：輸入包 A 明示三人版必經，夜潛形式嘅意義（共同秘密）唔依賴紫音；M3 保安險撞＋肚子叫補咗喜劇頂點 |
D,182,五個形式嘅必要性分析,6,FINDING,19,M3／M4 貓,miyako.md L192；Beat 表 M3／M4 冇指明,貓唔可搬運，但潛行優勢；若 M4 貓只係坐喺度，形態冇功能,FINDING（NOTE／NEEDS_AUTHOR）：F-A19-4,| 19 | M3／M4 貓 | 貓形態喺潛入搬運：貓有咩用？ | miyako.md L192；Beat 表 M3／M4 冇指明 | 貓唔可搬運，但潛行優勢；若 M4 貓只係坐喺度，形態冇功能 | FINDING（NOTE／NEEDS_AUTHOR）：F-A19-4 |
D,183,五個形式嘅必要性分析,6,FINDING,19,H1 牙,同上,見下,FINDING：F-A19-1、F-A19-2,| 19 | H1 牙 | 見上表 | 同上 | 見下 | FINDING：F-A19-1、F-A19-2 |
D,212,角度 5：Theme Expression,6,CLEAN_AFTER_ATTACK,5,N1,Beat 表 N1；haruka.md L295,體現（儀式），但方向未鎖（見 F-A17-2）,CLEAN_AFTER_ATTACK：攻擊＝只講出。攻唔入：Beat 表以行為（熱可可儀式、手唔穩）而非對白承載,| 5 | N1 | 主題（強行正常／假幸福）係體現定講出？ | Beat 表 N1；haruka.md L295 | 體現（儀式），但方向未鎖（見 F-A17-2） | CLEAN_AFTER_ATTACK：攻擊＝只講出。攻唔入：Beat 表以行為（熱可可儀式、手唔穩）而非對白承載 |
D,213,角度 5：Theme Expression,6,CLEAN_AFTER_ATTACK,5,N2,Beat 表 N2；THEME_CONFLICT L24,衝突係情緒語氣差異，唔係立場對撞,CLEAN_AFTER_ATTACK：攻擊＝無立場衝突。攻唔入：N2 係鋪墊，真正衝突位係 N3，N2 嘅行為層（口否認身體守）係 outcome 嘅伏筆,| 5 | N2 | 衝突：晴香「強行正常」vs 美夜子「功能性」 | Beat 表 N2；THEME_CONFLICT L24 | 衝突係情緒語氣差異，唔係立場對撞 | CLEAN_AFTER_ATTACK：攻擊＝無立場衝突。攻唔入：N2 係鋪墊，真正衝突位係 N3，N2 嘅行為層（口否認身體守）係 outcome 嘅伏筆 |
D,214,角度 5：Theme Expression,6,FINDING,5,N3,THEME_CONFLICT L24 DIALOGUE_ONLY；Beat 表 N3「共謀誤導唔講穿」,Demo 內晴香唔辯（N4 快接受），衝突單邊；L24 嘅 outcome（美夜子孤獨喺成功欺騙中加深）喺 N4 冇載體；DIALOGUE_ONLY＝只靠對話,FINDING：F-A5-1,| 5 | N3 | 天台 Gate C 行：collision＝晴香「真相」vs 美夜子「謊言」 | THEME_CONFLICT L24 DIALOGUE_ONLY；Beat 表 N3「共謀誤導唔講穿」 | Demo 內晴香唔辯（N4 快接受），衝突單邊；L24 嘅 outcome（美夜子孤獨喺成功欺騙中加深）喺 N4 冇載體；DIALOGUE_ONLY＝只靠對話 | FINDING：F-A5-1 |
D,215,角度 5：Theme Expression,6,CLEAN_AFTER_ATTACK,5,N4,CDL-053,「接受」係角色性格，唔係立場,CLEAN_AFTER_ATTACK：攻擊＝無主題。攻唔入：「拯救者情結被半真半假嘅希望命中」係 Gate B 晴香 entity（matrix L55）嘅 stated belief 具體化,| 5 | N4 | 「驚同接受並存」係主題承載？ | CDL-053 | 「接受」係角色性格，唔係立場 | CLEAN_AFTER_ATTACK：攻擊＝無主題。攻唔入：「拯救者情結被半真半假嘅希望命中」係 Gate B 晴香 entity（matrix L55）嘅 stated belief 具體化 |
D,216,角度 5：Theme Expression,6,FINDING,5,B1–B4b,CDL-224 L359；HC-2f,見 F-A5-2,FINDING：F-A5-2,| 5 | B1–B4b | 連結主題：強制心理入侵 vs 力量 | CDL-224 L359；HC-2f | 見 F-A5-2 | FINDING：F-A5-2 |
D,217,角度 5：Theme Expression,6,CLEAN_AFTER_ATTACK,5,B5–B8,matrix L117–135,兩種立場冇正面碰撞，只有動作配合,CLEAN_AFTER_ATTACK：攻擊＝冇立場衝突。攻唔入：B7（晴香身體擋）對 B8（操震驚）係「行動 vs formalism」嘅最小對撞，Act I 唔需要重,| 5 | B5–B8 | 操 vs 晴香：formalism vs 身體 | matrix L117–135 | 兩種立場冇正面碰撞，只有動作配合 | CLEAN_AFTER_ATTACK：攻擊＝冇立場衝突。攻唔入：B7（晴香身體擋）對 B8（操震驚）係「行動 vs formalism」嘅最小對撞，Act I 唔需要重 |
D,218,角度 5：Theme Expression,6,CLEAN_AFTER_ATTACK,5,B9／B10,ACT_I_OUTLINE L323；CDL-073,UI 結算＋歡呼若純爽，主題削弱,CLEAN_AFTER_ATTACK：見角度 18 B9／B10 行,| 5 | B9／B10 | 直播 UI／人群：情緒資本主義 | ACT_I_OUTLINE L323；CDL-073 | UI 結算＋歡呼若純爽，主題削弱 | CLEAN_AFTER_ATTACK：見角度 18 B9／B10 行 |
D,219,角度 5：Theme Expression,6,NOT_APPLICABLE,5,M1–M3,Beat 表,—,NOT_APPLICABLE：M1–M3 係生存事件（低血糖、決定、躲保安），Beat 表欄內冇任何立場衝突；主題載體留喺 M4 同 H1,| 5 | M1–M3 | 基地主題 | Beat 表 | — | NOT_APPLICABLE：M1–M3 係生存事件（低血糖、決定、躲保安），Beat 表欄內冇任何立場衝突；主題載體留喺 M4 同 H1 |
D,220,角度 5：Theme Expression,6,CLEAN_AFTER_ATTACK,5,M4,CDL-141 L254「Act I建立得越溫暖越慘」,暖 beat 本身冇主題衝突，靠 H1 回溯賦義,CLEAN_AFTER_ATTACK：攻擊＝M4 冇主題。攻唔入：正係 CDL-141 設計——暖本身係 setup，主題由後續損失承擔；前提係 H1 讀得成損失（見 F-A19-2）,| 5 | M4 | 「得來不易嘅暖」 | CDL-141 L254「Act I建立得越溫暖越慘」 | 暖 beat 本身冇主題衝突，靠 H1 回溯賦義 | CLEAN_AFTER_ATTACK：攻擊＝M4 冇主題。攻唔入：正係 CDL-141 設計——暖本身係 setup，主題由後續損失承擔；前提係 H1 讀得成損失（見 F-A19-2） |
D,221,角度 5：Theme Expression,6,NEEDS_AUTHOR,5,H1,Brief L4846,只係身體事件，無立場衝突,NEEDS_AUTHOR：H1 係咪要承載主題（個人犧牲代價）抑或純懸念鉤，Gate C 要作者定,| 5 | H1 | 牙：主題載體？ | Brief L4846 | 只係身體事件，無立場衝突 | NEEDS_AUTHOR：H1 係咪要承載主題（個人犧牲代價）抑或純懸念鉤，Gate C 要作者定 |
E,28,2. 角度 7：Entry Timing / Presence Control,6,CLEAN_AFTER_ATTACK,7,N1,Outline L100「夕第一絲噪訊隱藏在日常細節」；Outline L376 同 BS（Beat 6）鏡像互動係 Act I 末回收；Bible L74「第一幕…低噪訊」,觀眾冇鏡子規則，一個慢半拍嘅倒影好易被讀成遊戲 bug／渲染延遲而唔係「細裂縫」；密度太高就變硬 jump scare，太低就冇人留意。,CLEAN_AFTER_ATTACK：「讀成 bug」本身係 Outline 要嘅「隱藏在日常細節」讀法（L100）；v3 寫成「細裂縫」同「晴香自圓其說」，即係已經限制咗只出一次、有角色層嘅合理化出口，攻唔入。,| 7 | N1 | 「倒影慢半拍」呢個設定（夕嘅噪訊）喺全 demo 第一個 beat 就出場，觀眾仲未見過任何鏡子規則，佢幾時、幾密、用咩形式出現先啱？ | Outline L100「夕第一絲噪訊隱藏在日常細節」；Outline L376 同 BS（Beat 6）鏡像互動係 Act I 末回收；Bible L74「第一幕…低噪訊」 | 觀眾冇鏡子規則，一個慢半拍嘅倒影好易被讀成遊戲 bug／渲染延遲而唔係「細裂縫」；密度太高就變硬 jump scare，太低就冇人留意。 | CLEAN_AFTER_ATTACK：「讀成 bug」本身係 Outline 要嘅「隱藏在日常細節」讀法（L100）；v3 寫成「細裂縫」同「晴香自圓其說」，即係已經限制咗只出一次、有角色層嘅合理化出口，攻唔入。 |
E,29,2. 角度 7：Entry Timing / Presence Control,6,FINDING,7,N2,miyako.md L192「Act I：全程黑貓」；Outline L139「Act I全程貓形態執行，無人類形態」；BS 天台段 action 欄寫「美夜子背對晴香站在天台邊緣」（站姿係人形語言）,一隻貓擋唔到風；「擋風」係人身尺寸嘅動作，貓形態做唔到，Scene 層會硬做成人形 blocking 或者令觀眾覺得貓大過晴香。,FINDING（F-01，NOTE）見下,| 7 | N2 | 美夜子（貓形態）喺天台以咩形式「存在」？v3 例子係「選避風位／順手擋風」。 | miyako.md L192「Act I：全程黑貓」；Outline L139「Act I全程貓形態執行，無人類形態」；BS 天台段 action 欄寫「美夜子背對晴香站在天台邊緣」（站姿係人形語言） | 一隻貓擋唔到風；「擋風」係人身尺寸嘅動作，貓形態做唔到，Scene 層會硬做成人形 blocking 或者令觀眾覺得貓大過晴香。 | FINDING（F-01，NOTE）見下 |
E,30,2. 角度 7：Entry Timing / Presence Control,6,FINDING,7,N3,v3 §A：「觀眾冇睇過晴香第一次變身戰鬥」；BS L206「world-rule exposure：使命框架本身…碎片化，未完整解釋守恆代價」；BS 街道段（Beat 0）有「廣告牌上維多利亞天使完美偶像形象」（約 L611）,規則講咗，觀眾冇見過屍骸、冇見過直播，個「天使」係咩質感全靠美夜子一張嘴；觀眾要記住抽象名詞直到 B1 先見實物。,FINDING（F-02，NOTE）見下,| 7 | N3 | 「世界規則輪廓」（維多利亞天使使命）喺觀眾見過任何屍骸之前就以對白交付，規則先於示範，呢個出場次序得唔得？ | v3 §A：「觀眾冇睇過晴香第一次變身戰鬥」；BS L206「world-rule exposure：使命框架本身…碎片化，未完整解釋守恆代價」；BS 街道段（Beat 0）有「廣告牌上維多利亞天使完美偶像形象」（約 L611） | 規則講咗，觀眾冇見過屍骸、冇見過直播，個「天使」係咩質感全靠美夜子一張嘴；觀眾要記住抽象名詞直到 B1 先見實物。 | FINDING（F-02，NOTE）見下 |
E,32,2. 角度 7：Entry Timing / Presence Control,6,CLEAN_AFTER_ATTACK,7,B1,Outline L142「E-02戰場遠景背景：地平線邊緣極難察覺嘅暗紅色光害…觀眾可解讀為霓虹燈折射/工廠廢氣」；Bible L516「戰場廣角：進入戰鬥第一個15秒…廣角期間玩家不可輸入操作」,第一次戰鬥、UI 彈出、玩家未學操作，注意力全被 UI 同敵人佔晒，暗紅光冇人睇。,CLEAN_AFTER_ATTACK：Outline 要求「極難察覺」（GAP-33 克制），亦即設計意圖係「睇唔到都冇所謂」；而 Bible L516 嘅 8–10 秒廣角係全場戰鬥唯一冇玩家輸入嘅窗口，已經係最低競爭嘅位。,| 7 | B1 | 暗紅光（緋潮 Lv.1）同直播 UI 喺戰鬥開頭出場，會唔會互相搶、或者被搶？ | Outline L142「E-02戰場遠景背景：地平線邊緣極難察覺嘅暗紅色光害…觀眾可解讀為霓虹燈折射/工廠廢氣」；Bible L516「戰場廣角：進入戰鬥第一個15秒…廣角期間玩家不可輸入操作」 | 第一次戰鬥、UI 彈出、玩家未學操作，注意力全被 UI 同敵人佔晒，暗紅光冇人睇。 | CLEAN_AFTER_ATTACK：Outline 要求「極難察覺」（GAP-33 克制），亦即設計意圖係「睇唔到都冇所謂」；而 Bible L516 嘅 8–10 秒廣角係全場戰鬥唯一冇玩家輸入嘅窗口，已經係最低競爭嘅位。 |
E,33,2. 角度 7：Entry Timing / Presence Control,6,NEEDS_AUTHOR,7,B2–B4b,CDL-083（L183）「動作型非語言…例如擋住攻擊或拉走晴香」；CDL-108／Outline L139「具體魔法形式 btd（冰壁/爪擊/魔法光幕）」；miyako.md L278「咬嘴唇（跨形態通用）」,v3 B2 寫「本能撲出擋」，貓體型撲出去擋一隻大型屍骸嘅攻擊，物理上唔成立，除非係魔法形式；而魔法形式（冰壁）同 CDL-083 要嘅「非計劃內本能」有張力（結冰壁係計算過嘅）。,NEEDS_AUTHOR：CDL-108 自己寫咗「btd」，canon 未答貓形態擋嘅具體形式；呢個係 Beat 層必須留低嘅決定（會影響 B2 同角度 26 嘅分形式建議，見 F-17）。,| 7 | B2–B4b | 美夜子喺 B2（擋）、B3（提議）、B4（猶豫＋凜）連三個 beat 主導；貓形態嘅「存在形式」同密度。 | CDL-083（L183）「動作型非語言…例如擋住攻擊或拉走晴香」；CDL-108／Outline L139「具體魔法形式 btd（冰壁/爪擊/魔法光幕）」；miyako.md L278「咬嘴唇（跨形態通用）」 | v3 B2 寫「本能撲出擋」，貓體型撲出去擋一隻大型屍骸嘅攻擊，物理上唔成立，除非係魔法形式；而魔法形式（冰壁）同 CDL-083 要嘅「非計劃內本能」有張力（結冰壁係計算過嘅）。 | NEEDS_AUTHOR：CDL-108 自己寫咗「btd」，canon 未答貓形態擋嘅具體形式；呢個係 Beat 層必須留低嘅決定（會影響 B2 同角度 26 嘅分形式建議，見 F-17）。 |
E,34,2. 角度 7：Entry Timing / Presence Control,6,FINDING,7,B5,CDL-064（L160）「啟動裝置 → 成為全城屍骸獵殺目標，冇得唔打」；ayakomoji_misao.md L250；Bible L66「仇恨線(Aggro Threads)：紅線連接敵人與目標」；v3 B1–B4b 全部冇提目標鎖定,燈塔效應冇任何前置示範，觀眾見到嘅係「一個強者空降」，唔係「被拖入嚟嘅人」；canon 要嘅「冇得唔打」（被迫）變成「靚仔登場」（主動）。,FINDING（F-03，NOTE）見下,| 7 | B5 | 操首次出場：觀眾第一次見佢係「從高處介入獵殺」。出場前有冇任何 plant 令呢次出場唔似隨機？ | CDL-064（L160）「啟動裝置 → 成為全城屍骸獵殺目標，冇得唔打」；ayakomoji_misao.md L250；Bible L66「仇恨線(Aggro Threads)：紅線連接敵人與目標」；v3 B1–B4b 全部冇提目標鎖定 | 燈塔效應冇任何前置示範，觀眾見到嘅係「一個強者空降」，唔係「被拖入嚟嘅人」；canon 要嘅「冇得唔打」（被迫）變成「靚仔登場」（主動）。 | FINDING（F-03，NOTE）見下 |
E,35,2. 角度 7：Entry Timing / Presence Control,6,FINDING,7,B7–B7b,v3 B1「戰鬥途中人群唔喺場」vs B7b「混戰中操順手救一個路人」；CDL-073（Outline L143 同 CDL-073 行）「NPC圍觀…戰鬥前後歡呼/求簽名」；BS L744「街道外圍市民舉機圍觀」,v3 自己內部矛盾：B1 話冇人，B7b 要有人；canon 三處對「戰鬥中有冇人」口徑唔同（CDL-073 前後／BS 場景參考街邊圍觀／v3 冇人）。,FINDING（F-04，SHOULD_FIX）見下,| 7 | B7–B7b | 路人（B7b）喺「戰鬥途中人群唔喺場」（B1）嘅前提下出現。 | v3 B1「戰鬥途中人群唔喺場」vs B7b「混戰中操順手救一個路人」；CDL-073（Outline L143 同 CDL-073 行）「NPC圍觀…戰鬥前後歡呼/求簽名」；BS L744「街道外圍市民舉機圍觀」 | v3 自己內部矛盾：B1 話冇人，B7b 要有人；canon 三處對「戰鬥中有冇人」口徑唔同（CDL-073 前後／BS 場景參考街邊圍觀／v3 冇人）。 | FINDING（F-04，SHOULD_FIX）見下 |
E,38,2. 角度 7：Entry Timing / Presence Control,6,NEEDS_AUTHOR,7,M3,Brief:L831「晴香負責把風——緊張到肚子咕嚕咕嚕，差點引來保安」；Outline L174 同,保安係「差點引來」嘅威脅，如果實體出場就係新角色資產；如果只有手電光同腳步聲就係廉價氣氛。v3 冇講。,NEEDS_AUTHOR：存在形式決定製作量（見角度 27 F-20）；Beat 層要俾一個取向。,| 7 | M3 | 保安呢個新 NPC 喺學校場景以咩存在形式出現（可見巡邏路線／聽到腳步／只有手電光）？ | Brief:L831「晴香負責把風——緊張到肚子咕嚕咕嚕，差點引來保安」；Outline L174 同 | 保安係「差點引來」嘅威脅，如果實體出場就係新角色資產；如果只有手電光同腳步聲就係廉價氣氛。v3 冇講。 | NEEDS_AUTHOR：存在形式決定製作量（見角度 27 F-20）；Beat 層要俾一個取向。 |
E,39,2. 角度 7：Entry Timing / Presence Control,6,CLEAN_AFTER_ATTACK,7,M4,Outline L177「後期據點洩露事件（操虛榮心）」；v3 M4「極輕虛榮種子」,一次性、冇重複，觀眾（同玩家）好易當成「角色趣味」，到 Act II 洩露事件先醒；呢個正正係 Outline 要嘅「建立越溫暖毀滅越慘烈」。,CLEAN_AFTER_ATTACK：攻擊「種子太輕冇人記得」；站得住係因為 Outline L177 寫明回收係「後期據點洩露」，要求嘅就係輕＋被忽視，而 M4 其他功能（暖峰）本身會令觀眾記住個基地。,| 7 | M4 | 操嘅「虛榮種子」（堅持佈置得好睇）幾密？ | Outline L177「後期據點洩露事件（操虛榮心）」；v3 M4「極輕虛榮種子」 | 一次性、冇重複，觀眾（同玩家）好易當成「角色趣味」，到 Act II 洩露事件先醒；呢個正正係 Outline 要嘅「建立越溫暖毀滅越慘烈」。 | CLEAN_AFTER_ATTACK：攻擊「種子太輕冇人記得」；站得住係因為 Outline L177 寫明回收係「後期據點洩露」，要求嘅就係輕＋被忽視，而 M4 其他功能（暖峰）本身會令觀眾記住個基地。 |
E,40,2. 角度 7：Entry Timing / Presence Control,6,FINDING,7,H1,CDL-233（CDL L369）：Stage 1（Act II 前期 Phase A–B 牙齦滲血，「觀眾可能初讀為戰鬥受傷」）→ Stage 2a（E-09a，牙齒鬆動乃至脫落＋傀儡絲線縫回）→…；ACT_II_OUTLINE L192、L285；ayakomoji_misao.md L286-300；Brief:L1803；但 Brief:L143／L721 將「掉牙」寫成所有魔法少女通用嘅,掉牙喺 Act I demo 出場，直接跳過 Stage 1，亦預支咗 Stage 2a；Act II 嘅牙齦滲血失去「首次、觀眾初讀為戰鬥受傷」嘅質感，變成重複；v3 「收埋」又同 Stage 2a「用絲線縫回」嘅招牌動作唔同。,FINDING（F-05，SHOULD_FIX；內含 NEEDS_AUTHOR）見下,| 7 | H1 | 「牙跌」呢個身體代價設定，喺 demo 末段出場，同 canon 對操嘅 Body Horror 分層出場次序撞唔撞？ | CDL-233（CDL L369）：Stage 1（Act II 前期 Phase A–B 牙齦滲血，「觀眾可能初讀為戰鬥受傷」）→ Stage 2a（E-09a，牙齒鬆動乃至脫落＋傀儡絲線縫回）→…；ACT_II_OUTLINE L192、L285；ayakomoji_misao.md L286-300；Brief:L1803；但 Brief:L143／L721 將「掉牙」寫成所有魔法少女通用嘅延遲身體代價（「先處理現場才掉牙、失聲」） | 掉牙喺 Act I demo 出場，直接跳過 Stage 1，亦預支咗 Stage 2a；Act II 嘅牙齦滲血失去「首次、觀眾初讀為戰鬥受傷」嘅質感，變成重複；v3 「收埋」又同 Stage 2a「用絲線縫回」嘅招牌動作唔同。 | FINDING（F-05，SHOULD_FIX；內含 NEEDS_AUTHOR）見下 |
E,79,3. 角度 23：Gameplay / Player Agency（玩法／控制權,6,FINDING,23,N1,Outline L77「無台詞，純視覺」；BS L165「玩家操作極簡或純過場」；Bible L465「Act I 玩家感受：『我幫到人』嘅高效與溫暖」,純過場＝demo 開場先睇一段冇互動嘅戲，而 demo 玩家剛入場、仲未玩過任何嘢；開場就剝奪控制權係最容易流失玩家嘅位。,FINDING（F-06，SHOULD_FIX）見下,| 23 | N1 | 玩家喺家入面做咩？有冇控制權？ | Outline L77「無台詞，純視覺」；BS L165「玩家操作極簡或純過場」；Bible L465「Act I 玩家感受：『我幫到人』嘅高效與溫暖」 | 純過場＝demo 開場先睇一段冇互動嘅戲，而 demo 玩家剛入場、仲未玩過任何嘢；開場就剝奪控制權係最容易流失玩家嘅位。 | FINDING（F-06，SHOULD_FIX）見下 |
E,81,3. 角度 23：Gameplay / Player Agency（玩法／控制權,6,FINDING,23,B1,BS L123「首次戰鬥教學（變身＋基礎戰鬥操作）；直播UI」；BS L580 層完成檢查稱「Beat 0 無縫過場教學→Beat 1 戰鬥教學→Beat 2 情緒連結機制教學」進程合理；Bible L58-77 Empathy UI（情緒條／架勢條／仇恨線／AoE 預警）Act I「完整運作」（L74）；v3 §A「觀眾冇睇過晴香第一次變身戰鬥」（即 SEQ1 被砍）,BS 玩法進程係三級（教過場、教戰鬥、教連結）；demo 砍咗 SEQ1，B1 要同時教基礎操作、Empathy UI、直播 UI、屍骸讀法，B3/B4 又要教連結機制，進程塌咗一級而 v3 冇交代補去邊。,FINDING（F-07，BLOCKS_BEAT_LAYER）見下,| 23 | B1 | 呢個係 demo 唯一一場戰鬥，亦係玩家第一次接觸戰鬥、Empathy UI、直播 UI、屍骸；操作教學放喺邊？ | BS L123「首次戰鬥教學（變身＋基礎戰鬥操作）；直播UI」；BS L580 層完成檢查稱「Beat 0 無縫過場教學→Beat 1 戰鬥教學→Beat 2 情緒連結機制教學」進程合理；Bible L58-77 Empathy UI（情緒條／架勢條／仇恨線／AoE 預警）Act I「完整運作」（L74）；v3 §A「觀眾冇睇過晴香第一次變身戰鬥」（即 SEQ1 被砍） | BS 玩法進程係三級（教過場、教戰鬥、教連結）；demo 砍咗 SEQ1，B1 要同時教基礎操作、Empathy UI、直播 UI、屍骸讀法，B3/B4 又要教連結機制，進程塌咗一級而 v3 冇交代補去邊。 | FINDING（F-07，BLOCKS_BEAT_LAYER）見下 |
E,82,3. 角度 23：Gameplay / Player Agency（玩法／控制權,6,CLEAN_AFTER_ATTACK,23,B1（被動資訊）,Bible L516；Outline L142 暗紅光「極難察覺」,8–10 秒入面要睇戰場、屍骸、UI、彈幕、暗紅光，過載。,CLEAN_AFTER_ATTACK：呢段玩家不可輸入，資訊全部被動畀，唔同操作搶負載；暗紅光要求極難察覺（Outline L142），過載後果只係「睇唔到」，係設計接受嘅損失。真正負載問題喺廣角結束之後（見 F-07）。,| 23 | B1（被動資訊） | Bible L516「戰場廣角首 15 秒、8–10 秒、玩家不可輸入」嗰段承載暗紅光、UI 彈出同直播，資訊負載會唔會爆？ | Bible L516；Outline L142 暗紅光「極難察覺」 | 8–10 秒入面要睇戰場、屍骸、UI、彈幕、暗紅光，過載。 | CLEAN_AFTER_ATTACK：呢段玩家不可輸入，資訊全部被動畀，唔同操作搶負載；暗紅光要求極難察覺（Outline L142），過載後果只係「睇唔到」，係設計接受嘅損失。真正負載問題喺廣角結束之後（見 F-07）。 |
E,83,3. 角度 23：Gameplay / Player Agency（玩法／控制權,6,FINDING,23,B2,Bible L28「威脅感知：隊友即將受到致命攻擊，晴香可插入掩護／嘲諷」；L41「高風險威脅」含「視線外偷襲」；L44「反應不及」（主角也會反應不及）；v3 B2「本能撲出擋」,如果 B2 全程過場，戰鬥中途收回控制權；如果係玩家窗口，玩家應該有機會自己擋，但 beat 要求係美夜子擋。,FINDING（F-08，SHOULD_FIX）見下（B2／B5／B6／B6b／B7／B7b／B8 控制模式未定）,| 23 | B2 | 美夜子撲出擋攻擊：玩家做咩？ | Bible L28「威脅感知：隊友即將受到致命攻擊，晴香可插入掩護／嘲諷」；L41「高風險威脅」含「視線外偷襲」；L44「反應不及」（主角也會反應不及）；v3 B2「本能撲出擋」 | 如果 B2 全程過場，戰鬥中途收回控制權；如果係玩家窗口，玩家應該有機會自己擋，但 beat 要求係美夜子擋。 | FINDING（F-08，SHOULD_FIX）見下（B2／B5／B6／B6b／B7／B7b／B8 控制模式未定） |
E,86,3. 角度 23：Gameplay / Player Agency（玩法／控制權,6,CLEAN_AFTER_ATTACK,23,B7,Bible L28、L44；Brief L1745「操入隊——屍骸戰場，晴香以身體擋攻擊」；CDL-083,玩家若自己揀擋，就唔係反射；若自動，被「搶咗」操作。,CLEAN_AFTER_ATTACK：攻擊「被打係劇情強制」；Bible L28 威脅感知窗口允許插入掩護，L44「反應不及」亦有規則先例，B7 可映射成呢個窗口（窗口夠短所以係反射式而唔係決定式），Brief L1745 亦將呢個動作寫成玩法動作。要作者確認採用呢個映射（見 F-08）。,| 23 | B7 | 晴香用身體擋＋被打：被打係強制，點同玩家 agency 並存？ | Bible L28、L44；Brief L1745「操入隊——屍骸戰場，晴香以身體擋攻擊」；CDL-083 | 玩家若自己揀擋，就唔係反射；若自動，被「搶咗」操作。 | CLEAN_AFTER_ATTACK：攻擊「被打係劇情強制」；Bible L28 威脅感知窗口允許插入掩護，L44「反應不及」亦有規則先例，B7 可映射成呢個窗口（窗口夠短所以係反射式而唔係決定式），Brief L1745 亦將呢個動作寫成玩法動作。要作者確認採用呢個映射（見 F-08）。 |
E,89,3. 角度 23：Gameplay / Player Agency（玩法／控制權,6,FINDING,23,B9,Bible L81-107 假雙經驗值（殺 1000／淨化 200／萃取 0）；L83「遊戲刻意誤導玩家相信『殺死屍骸』是最優解」；Outline L141「屍骸態度選擇兩種對比示範」；BS Scene 4「正面選擇型消散」；BS L789-790「+3200 Likes」,v3 B1／B9 冇交代屍骸最終係殺／淨化／萃取，即係 demo 唯一一場戰鬥冇「態度選擇」；「+Likes」結算冇對應戰鬥內容；假雙經驗系統喺 demo 完全消失。,FINDING（F-09，SHOULD_FIX；含 NEEDS_AUTHOR）見下,| 23 | B9 | 戰鬥結算：玩家睇到咩？ | Bible L81-107 假雙經驗值（殺 1000／淨化 200／萃取 0）；L83「遊戲刻意誤導玩家相信『殺死屍骸』是最優解」；Outline L141「屍骸態度選擇兩種對比示範」；BS Scene 4「正面選擇型消散」；BS L789-790「+3200 Likes」 | v3 B1／B9 冇交代屍骸最終係殺／淨化／萃取，即係 demo 唯一一場戰鬥冇「態度選擇」；「+Likes」結算冇對應戰鬥內容；假雙經驗系統喺 demo 完全消失。 | FINDING（F-09，SHOULD_FIX；含 NEEDS_AUTHOR）見下 |
E,90,3. 角度 23：Gameplay / Player Agency（玩法／控制權,6,FINDING,23,B9–M1（葡萄糖槍）,Bible L371「+40 mg/dL…戰鬥中可即用」；Brief L2294「魔力＝血糖值，CGM 手錶實時監測；過低則畫面變黑白、手震無法跑動」；Outline L171,玩家第一次聽到槍係「見底」，從未用過、冇 HUD 計數；Brief 將低血糖寫成可玩狀態（黑白、手震、唔能跑），M1 只係劇情角色手震。,FINDING（F-10，SHOULD_FIX）見下,| 23 | B9–M1（葡萄糖槍） | 「槍餘量見底」＋「槍耗盡」玩家有冇用過？ | Bible L371「+40 mg/dL…戰鬥中可即用」；Brief L2294「魔力＝血糖值，CGM 手錶實時監測；過低則畫面變黑白、手震無法跑動」；Outline L171 | 玩家第一次聽到槍係「見底」，從未用過、冇 HUD 計數；Brief 將低血糖寫成可玩狀態（黑白、手震、唔能跑），M1 只係劇情角色手震。 | FINDING（F-10，SHOULD_FIX）見下 |
E,92,3. 角度 23：Gameplay / Player Agency（玩法／控制權,6,CLEAN_AFTER_ATTACK,23,M2,Outline L172-173；Brief L2307-2311「物資短缺→潛入學校…選擇不是自由的，而是被迫的」,v3 M2 全係劇情決定；玩家冇參與。,CLEAN_AFTER_ATTACK：攻擊「冇玩家選擇」站唔住，Brief L2307-2311 明講選擇係被迫，加選擇反而同「被迫」唔啱。,| 23 | M2 | 美夜子提議夜潛、操自願留低：玩家決策？ | Outline L172-173；Brief L2307-2311「物資短缺→潛入學校…選擇不是自由的，而是被迫的」 | v3 M2 全係劇情決定；玩家冇參與。 | CLEAN_AFTER_ATTACK：攻擊「冇玩家選擇」站唔住，Brief L2307-2311 明講選擇係被迫，加選擇反而同「被迫」唔啱。 |
E,93,3. 角度 23：Gameplay / Player Agency（玩法／控制權,6,FINDING,23,M3,Outline L175「特殊任務（可觸發可唔觸發）」；BS L375「潛行／解謎輕量玩法」；Bible L431「迷失／潛行失手可回到段落起點」；Bible L407-421 任務欄位（L421 WinCondition）；v3 M3「外部隨機事件：保安巡邏險些撞見」,v3「外部隨機事件」同「險些」（預設嘅差點）互相矛盾：隨機事件要系統（AI 巡邏、噪音）；「險些」係腳本。若系統，要失敗狀態、段落重置、勝負條件；v3 全部冇定。,FINDING（F-11，SHOULD_FIX；含 NEEDS_AUTHOR）見下,| 23 | M3 | 學校潛入玩法：系統定腳本？ | Outline L175「特殊任務（可觸發可唔觸發）」；BS L375「潛行／解謎輕量玩法」；Bible L431「迷失／潛行失手可回到段落起點」；Bible L407-421 任務欄位（L421 WinCondition）；v3 M3「外部隨機事件：保安巡邏險些撞見」 | v3「外部隨機事件」同「險些」（預設嘅差點）互相矛盾：隨機事件要系統（AI 巡邏、噪音）；「險些」係腳本。若系統，要失敗狀態、段落重置、勝負條件；v3 全部冇定。 | FINDING（F-11，SHOULD_FIX；含 NEEDS_AUTHOR）見下 |
E,94,3. 角度 23：Gameplay / Player Agency（玩法／控制權,6,CLEAN_AFTER_ATTACK,23,M4,BS Beat 2.6 結尾；v3 M4「暖峰、操堅持佈置靚」,低風險，但係 demo 內第五種玩法（戰鬥、潛行、天台對話、儀式、佈置）；agency 可能只係「走過去按」。,CLEAN_AFTER_ATTACK：攻擊「冇玩法」成立一半，但 M4 係暖峰，功能係鬆（Brief L133／L139「甜下見黑」節奏語法），低操作本身就係呼吸位；只需避免重負載。,| 23 | M4 | 搬運／佈置：玩家做咩？ | BS Beat 2.6 結尾；v3 M4「暖峰、操堅持佈置靚」 | 低風險，但係 demo 內第五種玩法（戰鬥、潛行、天台對話、儀式、佈置）；agency 可能只係「走過去按」。 | CLEAN_AFTER_ATTACK：攻擊「冇玩法」成立一半，但 M4 係暖峰，功能係鬆（Brief L133／L139「甜下見黑」節奏語法），低操作本身就係呼吸位；只需避免重負載。 |
E,95,3. 角度 23：Gameplay / Player Agency（玩法／控制權,6,CLEAN_AFTER_ATTACK,23,H1,v3 H1「操獨自一人，牙跌，收埋，冇人見」（觀眾見到，角色冇人見）,玩家若控制晴香，操嘅獨處場面玩家睇唔到；若切鏡到操並交玩家控制，違反 Bible L54。,CLEAN_AFTER_ATTACK：攻擊「玩家睇唔到」站唔住，因為觀眾知情、角色唔知正正係 H1 設計；用過場鏡頭切換，唔使玩家控制，同 Brief L139「甜下見黑」一致。,| 23 | H1 | 尾鉤係過場定可玩？ | v3 H1「操獨自一人，牙跌，收埋，冇人見」（觀眾見到，角色冇人見） | 玩家若控制晴香，操嘅獨處場面玩家睇唔到；若切鏡到操並交玩家控制，違反 Bible L54。 | CLEAN_AFTER_ATTACK：攻擊「玩家睇唔到」站唔住，因為觀眾知情、角色唔知正正係 H1 設計；用過場鏡頭切換，唔使玩家控制，同 Brief L139「甜下見黑」一致。 |
E,139,4. 角度 24：Directing / Staging Opportunity,6,FINDING,24,N1,Outline L77「無台詞，純視覺」；Outline L70-79 Beat 0d（熱可可）；v3 §A「驚由對話帶出」；v3 N1 載體：身體反應、鏡像慢半拍,觀眾冇睇過首戰（SEQ1 被砍），所以手震、冇胃口呢類「戰後反應」冇對照物；而輸入包話驚「由對話帶出」，N1 又係無對白——載體同交付方式互相打架。,FINDING（F-12，SHOULD_FIX）見下,| 24 | N1 | 「首戰後嘅驚」靠咩視覺載體成立？ | Outline L77「無台詞，純視覺」；Outline L70-79 Beat 0d（熱可可）；v3 §A「驚由對話帶出」；v3 N1 載體：身體反應、鏡像慢半拍 | 觀眾冇睇過首戰（SEQ1 被砍），所以手震、冇胃口呢類「戰後反應」冇對照物；而輸入包話驚「由對話帶出」，N1 又係無對白——載體同交付方式互相打架。 | FINDING（F-12，SHOULD_FIX）見下 |
E,140,4. 角度 24：Directing / Staging Opportunity,6,FINDING,24,N2,v3 N2 載體「選避風位／順手擋風」（標明 optional）；Outline/BS 天台段（BS L189-227）,「唔講驚」係一個「唔發生」嘅 beat；「美夜子點出」係對白；載體只係 optional，即係冇載體都可以過關，Scene 層會全靠對白。,FINDING（F-13，SHOULD_FIX）見下（與 N3、N4 一齊）,| 24 | N2 | 晴香唔講驚、美夜子功能性點出：靠對白先成立定有行為載體？ | v3 N2 載體「選避風位／順手擋風」（標明 optional）；Outline/BS 天台段（BS L189-227） | 「唔講驚」係一個「唔發生」嘅 beat；「美夜子點出」係對白；載體只係 optional，即係冇載體都可以過關，Scene 層會全靠對白。 | FINDING（F-13，SHOULD_FIX）見下（與 N3、N4 一齊） |
E,143,4. 角度 24：Directing / Staging Opportunity,6,CLEAN_AFTER_ATTACK,24,B1,Outline L142 暗紅光；Bible L66 仇恨線、L516 戰場廣角,載體都係現成（UI、屍骸、光）；「晴香仍帶驚」係 B1 要嘅行為，但戰鬥入面驚點表現（Bible L515 崩潰特寫 HP<20% 眼部特寫係唯一預設嘅表情特寫）。,CLEAN_AFTER_ATTACK：攻擊「B1 太靠敘述」站唔住——屍骸、UI、仇恨線全部係戰鬥 UI 本身嘅可視元素，唔使對白；驚用戰鬥姿勢（防禦／後退）已經可以表達，Bible L515 有現成特寫槽。,| 24 | B1 | 「人形扭曲大型屍骸」＋直播 UI＋暗紅光：可視化載體？ | Outline L142 暗紅光；Bible L66 仇恨線、L516 戰場廣角 | 載體都係現成（UI、屍骸、光）；「晴香仍帶驚」係 B1 要嘅行為，但戰鬥入面驚點表現（Bible L515 崩潰特寫 HP<20% 眼部特寫係唯一預設嘅表情特寫）。 | CLEAN_AFTER_ATTACK：攻擊「B1 太靠敘述」站唔住——屍骸、UI、仇恨線全部係戰鬥 UI 本身嘅可視元素，唔使對白；驚用戰鬥姿勢（防禦／後退）已經可以表達，Bible L515 有現成特寫槽。 |
E,144,4. 角度 24：Directing / Staging Opportunity,6,FINDING,24,B2,miyako.md L278「咬嘴唇（跨形態通用，貓形態亦成立）」；CDL-083（L183）；Bible L509-519 電影式觸發：L515 HP<20% 眼部特寫、L516 戰場廣角首 15 秒、L517 Boss 階段宣言,貓嘅面部微動作喺混戰入面冇對應特寫槽；Bible 只有三個預設特寫觸發，冇一個啱；咬嘴唇會變成「寫咗但睇唔到」。,FINDING（F-15，SHOULD_FIX）見下,| 24 | B2 | 美夜子撲擋＋咬嘴唇＋功利藉口：載體有冇鏡頭槽？ | miyako.md L278「咬嘴唇（跨形態通用，貓形態亦成立）」；CDL-083（L183）；Bible L509-519 電影式觸發：L515 HP<20% 眼部特寫、L516 戰場廣角首 15 秒、L517 Boss 階段宣言 | 貓嘅面部微動作喺混戰入面冇對應特寫槽；Bible 只有三個預設特寫觸發，冇一個啱；咬嘴唇會變成「寫咗但睇唔到」。 | FINDING（F-15，SHOULD_FIX）見下 |
E,145,4. 角度 24：Directing / Staging Opportunity,6,CLEAN_AFTER_ATTACK,24,B3,Outline L139、CDL-084（L184）「凜 line 喺提議時」；v3 B3,提議本質係對白；載體要有一個「遞出／伸手／靠近」嘅動作先可視化。,CLEAN_AFTER_ATTACK：攻擊「純對白 beat」站唔住——連結提議本身係 Empathy UI 嘅機制（情緒條、連線），UI 連線出現就係視覺載體；v3 B3 只需保留呢個。Beat 排序問題見角度 26 F-19。,| 24 | B3 | 連結提議：載體？ | Outline L139、CDL-084（L184）「凜 line 喺提議時」；v3 B3 | 提議本質係對白；載體要有一個「遞出／伸手／靠近」嘅動作先可視化。 | CLEAN_AFTER_ATTACK：攻擊「純對白 beat」站唔住——連結提議本身係 Empathy UI 嘅機制（情緒條、連線），UI 連線出現就係視覺載體；v3 B3 只需保留呢個。Beat 排序問題見角度 26 F-19。 |
E,147,4. 角度 24：Directing / Staging Opportunity,6,CLEAN_AFTER_ATTACK,24,B5,BS E-02 L738-792 Scene 3「操從樓上落」；ayakomoji_misao.md「傀儡師」,載體太好（高處登場＋人偶），冇問題；真正風險係製作量（角度 27）。,CLEAN_AFTER_ATTACK：攻擊「冇可視化載體」站唔住，傀儡＋高處本身就係載體。,| 24 | B5 | 操從高處介入：載體？ | BS E-02 L738-792 Scene 3「操從樓上落」；ayakomoji_misao.md「傀儡師」 | 載體太好（高處登場＋人偶），冇問題；真正風險係製作量（角度 27）。 | CLEAN_AFTER_ATTACK：攻擊「冇可視化載體」站唔住，傀儡＋高處本身就係載體。 |
E,148,4. 角度 24：Directing / Staging Opportunity,6,CLEAN_AFTER_ATTACK,24,B6–B6b,BS Scene 4（陷阱）；v3 B6/B6b,「被困」要有可視嘅束縛（絲線／屍骸夾住）；「晴香衝出」係行動，載體有。,CLEAN_AFTER_ATTACK：攻擊「被困冇視覺」站唔住——操自己嘅招牌就係絲線，被屍骸反制可以用絲線被扯住（同角色設定一致）。,| 24 | B6–B6b | 操被困、晴香衝出：載體？ | BS Scene 4（陷阱）；v3 B6/B6b | 「被困」要有可視嘅束縛（絲線／屍骸夾住）；「晴香衝出」係行動，載體有。 | CLEAN_AFTER_ATTACK：攻擊「被困冇視覺」站唔住——操自己嘅招牌就係絲線，被屍骸反制可以用絲線被扯住（同角色設定一致）。 |
E,149,4. 角度 24：Directing / Staging Opportunity,6,CLEAN_AFTER_ATTACK,24,B7,BS Scene 4（身體擋＋裙子 line）；Brief L1745「晴香以身體擋攻擊」,「問裙子」係對白，但前面「身體擋」係強載體；兩者喺同一個 beat，對白會偷走身體擋嘅重量。,CLEAN_AFTER_ATTACK：攻擊「對白搶戲」——擋同裙子係同一事件嘅連續反應（BS 已有 scene reference），載體（身體擋）先發生，對白後接，次序本身保護咗載體。,| 24 | B7 | 擋＋被打＋問裙子：載體？ | BS Scene 4（身體擋＋裙子 line）；Brief L1745「晴香以身體擋攻擊」 | 「問裙子」係對白，但前面「身體擋」係強載體；兩者喺同一個 beat，對白會偷走身體擋嘅重量。 | CLEAN_AFTER_ATTACK：攻擊「對白搶戲」——擋同裙子係同一事件嘅連續反應（BS 已有 scene reference），載體（身體擋）先發生，對白後接，次序本身保護咗載體。 |
E,150,4. 角度 24：Directing / Staging Opportunity,6,FINDING,24,B7b,CDL-322（CDL L79）「用現有 E-02 事件，唔開新 beat」＋「操私下手震來自路人事後真誠道謝」；v3 B7b 夾喺 B7 同 B8 之間,夾喺 B7（晴香被打）同 B8（操震驚）中間，打斷兩個直接相連嘅 beat；而且 v3 冇「路人事後道謝」，CDL-322 要嘅「手震來源」冇載體。,FINDING（F-14，SHOULD_FIX）見下,| 24 | B7b | 操救路人：載體同位置？ | CDL-322（CDL L79）「用現有 E-02 事件，唔開新 beat」＋「操私下手震來自路人事後真誠道謝」；v3 B7b 夾喺 B7 同 B8 之間 | 夾喺 B7（晴香被打）同 B8（操震驚）中間，打斷兩個直接相連嘅 beat；而且 v3 冇「路人事後道謝」，CDL-322 要嘅「手震來源」冇載體。 | FINDING（F-14，SHOULD_FIX）見下 |
E,151,4. 角度 24：Directing / Staging Opportunity,6,CLEAN_AFTER_ATTACK,24,B8,v3 B8；Outline Beat 2 入隊,「震驚」若冇姿態（絲線停咗／人偶停咗），只係對白。,CLEAN_AFTER_ATTACK：操嘅人偶／絲線同步停頓係現成嘅可視載體，毋須新增。,| 24 | B8 | 操震驚並加入：載體？ | v3 B8；Outline Beat 2 入隊 | 「震驚」若冇姿態（絲線停咗／人偶停咗），只係對白。 | CLEAN_AFTER_ATTACK：操嘅人偶／絲線同步停頓係現成嘅可視載體，毋須新增。 |
E,153,4. 角度 24：Directing / Staging Opportunity,6,NEEDS_AUTHOR,24,B10,Outline L136「勝利後靜默」；v3 B10 偏離（暖收）,v3 自己標明偏離 Outline「勝利後靜默」，載體未寫（「暖」係感受唔係載體）。,NEEDS_AUTHOR：載體要由作者定係咩；偏離 Outline 要作者批。,| 24 | B10 | 暖收：載體？ | Outline L136「勝利後靜默」；v3 B10 偏離（暖收） | v3 自己標明偏離 Outline「勝利後靜默」，載體未寫（「暖」係感受唔係載體）。 | NEEDS_AUTHOR：載體要由作者定係咩；偏離 Outline 要作者批。 |
E,154,4. 角度 24：Directing / Staging Opportunity,6,FINDING,24,M1–M2,v3 M1「三人手震」；Brief L2294,手震三人同時，觀眾睇到嘅係「全體手震」，同 N1 晴香手震、H1 操身體異常撞載體（同一個「手」意象有三個不同原因）。,FINDING（F-13 併入）：手穩定／手震 motif 要統一，見 F-13。,| 24 | M1–M2 | 手震／夜潛提議：載體？ | v3 M1「三人手震」；Brief L2294 | 手震三人同時，觀眾睇到嘅係「全體手震」，同 N1 晴香手震、H1 操身體異常撞載體（同一個「手」意象有三個不同原因）。 | FINDING（F-13 併入）：手穩定／手震 motif 要統一，見 F-13。 |
E,155,4. 角度 24：Directing / Staging Opportunity,6,CLEAN_AFTER_ATTACK,24,M3,Brief L830-831「紫音暴躁差點破門、操監控閉路、晴香把風肚子咕嚕叫」,載體多（把風、肚子叫、三人躲藏）。,CLEAN_AFTER_ATTACK：攻擊「載體不足」站唔住，Brief 本身已寫咗三個視覺化動作（破門、閉路、肚子叫）。（製作量見角度 27。）,| 24 | M3 | 潛入：載體？ | Brief L830-831「紫音暴躁差點破門、操監控閉路、晴香把風肚子咕嚕叫」 | 載體多（把風、肚子叫、三人躲藏）。 | CLEAN_AFTER_ATTACK：攻擊「載體不足」站唔住，Brief 本身已寫咗三個視覺化動作（破門、閉路、肚子叫）。（製作量見角度 27。） |
E,156,4. 角度 24：Directing / Staging Opportunity,6,CLEAN_AFTER_ATTACK,24,M4,Outline L177；v3 M4,「操堅持佈置靚」係可視嘅（佢擺放嘢）。,CLEAN_AFTER_ATTACK：攻擊「暖」冇載體——「擺放」係動作，OK。,| 24 | M4 | 暖峰：載體？ | Outline L177；v3 M4 | 「操堅持佈置靚」係可視嘅（佢擺放嘢）。 | CLEAN_AFTER_ATTACK：攻擊「暖」冇載體——「擺放」係動作，OK。 |
E,157,4. 角度 24：Directing / Staging Opportunity,6,CLEAN_AFTER_ATTACK,24,H1,Brief L139「甜下見黑」；Brief L721「先處理現場才掉牙、失聲」,載體極強（牙、手、收埋），純行為，無對白。,CLEAN_AFTER_ATTACK：攻擊「太含糊（細牙？搞笑？）」，被 M4 暖峰緊接嘅位置（Brief L139）同 Brief L721 嘅「延遲代價」語境擋咗；載體係可讀嘅。（分層問題見角度 7 F-05。）,| 24 | H1 | 牙跌：載體？ | Brief L139「甜下見黑」；Brief L721「先處理現場才掉牙、失聲」 | 載體極強（牙、手、收埋），純行為，無對白。 | CLEAN_AFTER_ATTACK：攻擊「太含糊（細牙？搞笑？）」，被 M4 暖峰緊接嘅位置（Brief L139）同 Brief L721 嘅「延遲代價」語境擋咗；載體係可讀嘅。（分層問題見角度 7 F-05。） |
E,189,5. 角度 26：Redundancy / Function Overlap（功,6,FINDING,26,N1 vs N2 vs N4,v3 N1（身體反應）、N2（唔講驚、被點出）、N4（驚漏出但接受得過快）；v3 §A「觀眾只需知晴香首戰後好驚」,入面有四次「驚」交付（N1、N2、N4、再加 B1「晴香仍帶驚」）；N2 同 N4 都係「驚漏出但被接住」。,FINDING（F-18，NOTE）見下,| 26 | N1 vs N2 vs N4 | 三個 beat 都係「晴香驚」，功能係咪重複？ | v3 N1（身體反應）、N2（唔講驚、被點出）、N4（驚漏出但接受得過快）；v3 §A「觀眾只需知晴香首戰後好驚」 | 入面有四次「驚」交付（N1、N2、N4、再加 B1「晴香仍帶驚」）；N2 同 N4 都係「驚漏出但被接住」。 | FINDING（F-18，NOTE）見下 |
E,190,5. 角度 26：Redundancy / Function Overlap（功,6,CLEAN_AFTER_ATTACK,26,N3,v3 N3（半真半假 briefing）；BS L206 world-rule exposure,N3 係唯一交付世界規則嘅 beat，冇重複。,CLEAN_AFTER_ATTACK：攻擊「N3 同 N2 都係美夜子對晴香講嘢」——N2 功能係點出晴香驚（情感），N3 功能係交付規則同「半真」（資訊）；兩者載體不同（一個守、一個講），冇重疊。,| 26 | N3 | 同其他 beat 有冇功能重疊？ | v3 N3（半真半假 briefing）；BS L206 world-rule exposure | N3 係唯一交付世界規則嘅 beat，冇重複。 | CLEAN_AFTER_ATTACK：攻擊「N3 同 N2 都係美夜子對晴香講嘢」——N2 功能係點出晴香驚（情感），N3 功能係交付規則同「半真」（資訊）；兩者載體不同（一個守、一個講），冇重疊。 |
E,192,5. 角度 26：Redundancy / Function Overlap（功,6,FINDING,26,B2 vs B7 vs B6b,v3 B2（美夜子本能撲擋＋咬嘴唇＋功利藉口）、B6b（晴香衝出）、B7（晴香身體擋＋被打＋問裙）；CDL-083（L183）「非功利保護動作，例如擋住攻擊或拉走晴香」；CDL-108（L214）,B2 同 B7 都係「擋」，B7 係晴香嘅招牌（Brief L1745），B2 若亦係肉身撲擋，兩次「肉身擋」令 B7 失去獨特簽名；貓體型物理上亦唔可信（見角度 7）。,FINDING（F-17，SHOULD_FIX）見下,| 26 | B2 vs B7 vs B6b | 「身體攔喺傷害同同伴之間＋轉彎說話」出現三次？ | v3 B2（美夜子本能撲擋＋咬嘴唇＋功利藉口）、B6b（晴香衝出）、B7（晴香身體擋＋被打＋問裙）；CDL-083（L183）「非功利保護動作，例如擋住攻擊或拉走晴香」；CDL-108（L214） | B2 同 B7 都係「擋」，B7 係晴香嘅招牌（Brief L1745），B2 若亦係肉身撲擋，兩次「肉身擋」令 B7 失去獨特簽名；貓體型物理上亦唔可信（見角度 7）。 | FINDING（F-17，SHOULD_FIX）見下 |
E,193,5. 角度 26：Redundancy / Function Overlap（功,6,FINDING,26,B3 vs B4,Outline L139；CDL-084（L184）「凜 line 喺提議時」；v3 B3＝提議、B4＝啟動＋美夜子猶豫＋凜 line＋晴香察覺唔問＋力量上升,v3 將凜 line 同猶豫放喺 B4（啟動後），但 CDL-084 話係「提議時」；B4 疊咗四件事（啟動、增幅、猶豫、察覺），B3 反而輕。,FINDING（F-19，SHOULD_FIX）見下,| 26 | B3 vs B4 | 連結提議同啟動各做咩？ | Outline L139；CDL-084（L184）「凜 line 喺提議時」；v3 B3＝提議、B4＝啟動＋美夜子猶豫＋凜 line＋晴香察覺唔問＋力量上升 | v3 將凜 line 同猶豫放喺 B4（啟動後），但 CDL-084 話係「提議時」；B4 疊咗四件事（啟動、增幅、猶豫、察覺），B3 反而輕。 | FINDING（F-19，SHOULD_FIX）見下 |
E,194,5. 角度 26：Redundancy / Function Overlap（功,6,CLEAN_AFTER_ATTACK,26,B4b,v3 B4b；Bible L465「我幫到人」嘅高效,如果 B4b 只係填 O1（Outline 義務）空位，就係凑 beat。,CLEAN_AFTER_ATTACK：攻擊「B4b 係為咗防空而加」——標籤係錯嘅理由，但 B4b 係全 demo 唯一令玩家親手感受連結增幅嘅 beat（Bible L465），而 B4 已經疊滿功能（F-19），B4b 其實係分流；建議改標籤，保留 beat。,| 26 | B4b | 係咪多餘？（標籤「防 O1 空」） | v3 B4b；Bible L465「我幫到人」嘅高效 | 如果 B4b 只係填 O1（Outline 義務）空位，就係凑 beat。 | CLEAN_AFTER_ATTACK：攻擊「B4b 係為咗防空而加」——標籤係錯嘅理由，但 B4b 係全 demo 唯一令玩家親手感受連結增幅嘅 beat（Bible L465），而 B4 已經疊滿功能（F-19），B4b 其實係分流；建議改標籤，保留 beat。 |
E,195,5. 角度 26：Redundancy / Function Overlap（功,6,CLEAN_AFTER_ATTACK,26,B5 vs B6 vs B6b,v3 B5、B6、B6b；BS E-02 Scene 3–4,三 beat 構成「救援鏈」（介入、失手、被救），因果鏈完整，冇兩個做同一件事。,CLEAN_AFTER_ATTACK：攻擊「B6 同 B6b 同一件事」——B6 係操嘅失敗（狀態），B6b 係晴香嘅反應（行動），符合 Cost Signal 四拍（Cost Signal→反應），拆開係對嘅。,| 26 | B5 vs B6 vs B6b | 操登場、被困、晴香衝出：三個 beat 係咪可以合？ | v3 B5、B6、B6b；BS E-02 Scene 3–4 | 三 beat 構成「救援鏈」（介入、失手、被救），因果鏈完整，冇兩個做同一件事。 | CLEAN_AFTER_ATTACK：攻擊「B6 同 B6b 同一件事」——B6 係操嘅失敗（狀態），B6b 係晴香嘅反應（行動），符合 Cost Signal 四拍（Cost Signal→反應），拆開係對嘅。 |
E,197,5. 角度 26：Redundancy / Function Overlap（功,6,CLEAN_AFTER_ATTACK,26,B8,v3 B8,單一功能（入隊）。,CLEAN_AFTER_ATTACK：攻擊「B8 無獨立功能」——B8 係操由「戰場旁觀者」變「隊友」嘅唯一 beat，無其他 beat 做呢件事。,| 26 | B8 | 係咪同 Outline Beat 2 入隊重複？ | v3 B8 | 單一功能（入隊）。 | CLEAN_AFTER_ATTACK：攻擊「B8 無獨立功能」——B8 係操由「戰場旁觀者」變「隊友」嘅唯一 beat，無其他 beat 做呢件事。 |
E,198,5. 角度 26：Redundancy / Function Overlap（功,6,FINDING,26,B9,v3 B9：UI 結算、槍餘量見底「或」晴香手震（plant）、安全區人群歡呼求簽名；BS L789-790,疊咗三件事：結算（戰鬥功能）、plant（M1 預告）、群眾（社會觀感）；「或」令 plant 載體未定；plant 喺 B9，payoff 喺緊接嘅 M1，相隔零距離。,FINDING（F-16，SHOULD_FIX）見下,| 26 | B9 | 疊太多功能？ | v3 B9：UI 結算、槍餘量見底「或」晴香手震（plant）、安全區人群歡呼求簽名；BS L789-790 | 疊咗三件事：結算（戰鬥功能）、plant（M1 預告）、群眾（社會觀感）；「或」令 plant 載體未定；plant 喺 B9，payoff 喺緊接嘅 M1，相隔零距離。 | FINDING（F-16，SHOULD_FIX）見下 |
E,199,5. 角度 26：Redundancy / Function Overlap（功,6,NEEDS_AUTHOR,26,B10 vs M1,v3 B10（暖收，標明偏離 Outline L136「勝利後靜默」）；M1（槍耗盡、三人手震、要物資）；Brief L133／L139「甜下見黑」,B10 嘅暖收功能同 M4 暖峰重複（兩個暖），而 B10 之後立即係 M1 嘅「冇晒」；B10 暖只持續一個 beat。,NEEDS_AUTHOR：作者要定 B10 嘅暖係獨立功能（戰後鬆）定係可以併入 B9。若併入 B9，demo 少一個 beat。（屬節奏角度 25，列入未列入角度。）,| 26 | B10 vs M1 | 暖收之後即時被消耗拆毀。 | v3 B10（暖收，標明偏離 Outline L136「勝利後靜默」）；M1（槍耗盡、三人手震、要物資）；Brief L133／L139「甜下見黑」 | B10 嘅暖收功能同 M4 暖峰重複（兩個暖），而 B10 之後立即係 M1 嘅「冇晒」；B10 暖只持續一個 beat。 | NEEDS_AUTHOR：作者要定 B10 嘅暖係獨立功能（戰後鬆）定係可以併入 B9。若併入 B9，demo 少一個 beat。（屬節奏角度 25，列入未列入角度。） |
E,200,5. 角度 26：Redundancy / Function Overlap（功,6,CLEAN_AFTER_ATTACK,26,M1 vs M2,v3 M1、M2；Outline L171-172；Brief L2307-2311,M1（問題）＋M2（解法）係標準因果，但兩者之間冇動作，只有對白，可以併。,CLEAN_AFTER_ATTACK：攻擊「M1 M2 可併」——M2 帶入操「自己選擇留低」，係獨立角色功能（入隊後第一次主動），併咗會埋咗；但要避免 M1 純對白（見角度 12）。,| 26 | M1 vs M2 | 兩個 beat 都係「冇物資→決定去搵」，係咪一個 beat？ | v3 M1、M2；Outline L171-172；Brief L2307-2311 | M1（問題）＋M2（解法）係標準因果，但兩者之間冇動作，只有對白，可以併。 | CLEAN_AFTER_ATTACK：攻擊「M1 M2 可併」——M2 帶入操「自己選擇留低」，係獨立角色功能（入隊後第一次主動），併咗會埋咗；但要避免 M1 純對白（見角度 12）。 |
E,201,5. 角度 26：Redundancy / Function Overlap（功,6,CLEAN_AFTER_ATTACK,26,M3 vs M4,v3 M3（潛入險些撞見）、M4（暖峰）；Outline L175-177,張力同鬆弛，功能相反。,CLEAN_AFTER_ATTACK：攻擊「M4 係 B10 暖收嘅重複」——B10 係戰後鬆（勝利），M4 係據點暖峰（建立被毀滅嘅東西，Outline L177），對象同回收點完全唔同。,| 26 | M3 vs M4 | 兩個 beat 功能？ | v3 M3（潛入險些撞見）、M4（暖峰）；Outline L175-177 | 張力同鬆弛，功能相反。 | CLEAN_AFTER_ATTACK：攻擊「M4 係 B10 暖收嘅重複」——B10 係戰後鬆（勝利），M4 係據點暖峰（建立被毀滅嘅東西，Outline L177），對象同回收點完全唔同。 |
E,236,6. 角度 27：Production Complexity / Scope（製,6,FINDING,27,N1,v3 N1（家、熱可可、身體反應、倒影慢半拍）；BS L39 Beat 0 家（可能重用）,「倒影慢半拍」要特製延遲反射渲染／動畫；其餘（家、可可）低成本。,FINDING（併入 F-21）：倒影係單點特效，建議用簡單方式（鏡面貼圖延遲幀）；成本中，價值中（Outline L100 隱藏噪訊）。,| 27 | N1 | 成本？ | v3 N1（家、熱可可、身體反應、倒影慢半拍）；BS L39 Beat 0 家（可能重用） | 「倒影慢半拍」要特製延遲反射渲染／動畫；其餘（家、可可）低成本。 | FINDING（併入 F-21）：倒影係單點特效，建議用簡單方式（鏡面貼圖延遲幀）；成本中，價值中（Outline L100 隱藏噪訊）。 |
E,237,6. 角度 27：Production Complexity / Scope（製,6,CLEAN_AFTER_ATTACK,27,N2–N4,v3 天台；BS L189-227,單一場景、兩角色（人＋貓）、無戰鬥。,CLEAN_AFTER_ATTACK：攻擊「天台高成本」站唔住——單場景、靜態構圖、低動畫量，係全 demo 價值／成本比最高嘅一段。,| 27 | N2–N4 | 成本？ | v3 天台；BS L189-227 | 單一場景、兩角色（人＋貓）、無戰鬥。 | CLEAN_AFTER_ATTACK：攻擊「天台高成本」站唔住——單場景、靜態構圖、低動畫量，係全 demo 價值／成本比最高嘅一段。 |
E,238,6. 角度 27：Production Complexity / Scope（製,6,CLEAN_AFTER_ATTACK,27,B1,v3 B1；Bible L58-77 UI；Bible L516,全新屍骸（人形扭曲大型）、直播 UI、Empathy UI、暗紅光，全部首次製作，demo 最重嘅一個 beat。,CLEAN_AFTER_ATTACK：攻擊「B1 過重應減」站唔住，因為 B1 嘅資產（屍骸、UI）係戰鬥整段共用，唔係一次性成本；真正額外成本喺其他 beat（見 F-22）。,| 27 | B1 | 成本？ | v3 B1；Bible L58-77 UI；Bible L516 | 全新屍骸（人形扭曲大型）、直播 UI、Empathy UI、暗紅光，全部首次製作，demo 最重嘅一個 beat。 | CLEAN_AFTER_ATTACK：攻擊「B1 過重應減」站唔住，因為 B1 嘅資產（屍骸、UI）係戰鬥整段共用，唔係一次性成本；真正額外成本喺其他 beat（見 F-22）。 |
E,239,6. 角度 27：Production Complexity / Scope（製,6,CLEAN_AFTER_ATTACK,27,B2–B4b,v3；CDL-108（魔法形式 btd）；Bible L517 階段宣言,美夜子貓形態戰鬥動畫（撲、擋、魔法）、連結特效、增幅後晴香新招式；連結系統係全新特效集。,CLEAN_AFTER_ATTACK：攻擊「連結特效可砍」——連結係 demo 核心機制（Outline Beat 2），砍咗就冇主題載體；成本合理但係全 demo 第二重。,| 27 | B2–B4b | 成本？ | v3；CDL-108（魔法形式 btd）；Bible L517 階段宣言 | 美夜子貓形態戰鬥動畫（撲、擋、魔法）、連結特效、增幅後晴香新招式；連結系統係全新特效集。 | CLEAN_AFTER_ATTACK：攻擊「連結特效可砍」——連結係 demo 核心機制（Outline Beat 2），砍咗就冇主題載體；成本合理但係全 demo 第二重。 |
E,240,6. 角度 27：Production Complexity / Scope（製,6,FINDING,27,B5–B7b,ayakomoji_misao.md L286-300、L248-251「傀儡師——操控精緻人偶戰鬥」；v3 B5／B6／B6b／B7b,操嘅人偶＋絲線 VFX＋高處入場＋被困＋路人 NPC＋人群；只喺 B5–B7b 用，B8 後係 AI／腳本隊友，成本集中喺 5 個 beat，其後使用率低。,FINDING（F-22，SHOULD_FIX）見下,| 27 | B5–B7b | 操嘅 set-piece 成本？ | ayakomoji_misao.md L286-300、L248-251「傀儡師——操控精緻人偶戰鬥」；v3 B5／B6／B6b／B7b | 操嘅人偶＋絲線 VFX＋高處入場＋被困＋路人 NPC＋人群；只喺 B5–B7b 用，B8 後係 AI／腳本隊友，成本集中喺 5 個 beat，其後使用率低。 | FINDING（F-22，SHOULD_FIX）見下 |
E,241,6. 角度 27：Production Complexity / Scope（製,6,FINDING,27,B8–B10,v3 B8／B9／B10；BS L789-790,結算 UI、安全區人群（NPC 群）、簽名互動。,FINDING（併入 F-21）：人群物理 NPC 群成本高，B9 可用 barrier＋UI feed＋遠景剪影達成；價值（社會觀感、CDL-073）要保，成本可以低。,| 27 | B8–B10 | 成本？ | v3 B8／B9／B10；BS L789-790 | 結算 UI、安全區人群（NPC 群）、簽名互動。 | FINDING（併入 F-21）：人群物理 NPC 群成本高，B9 可用 barrier＋UI feed＋遠景剪影達成；價值（社會觀感、CDL-073）要保，成本可以低。 |
E,242,6. 角度 27：Production Complexity / Scope（製,6,CLEAN_AFTER_ATTACK,27,M1,v3 M1；Brief L2294 低血糖黑白＋手震,若用 Brief 嘅黑白＋慢步，係 shader＋速度 debuff（低至中）。,CLEAN_AFTER_ATTACK：攻擊「低血糖狀態太重」——一個 post-process＋速度係數，唔係新系統；見 F-10（角度 23）。,| 27 | M1 | 成本？ | v3 M1；Brief L2294 低血糖黑白＋手震 | 若用 Brief 嘅黑白＋慢步，係 shader＋速度 debuff（低至中）。 | CLEAN_AFTER_ATTACK：攻擊「低血糖狀態太重」——一個 post-process＋速度係數，唔係新系統；見 F-10（角度 23）。 |
E,243,6. 角度 27：Production Complexity / Scope（製,6,CLEAN_AFTER_ATTACK,27,M2,v3 M2,純對話＋留低動作。,CLEAN_AFTER_ATTACK：成本低，攻擊（「需要新場景」）站唔住，M2 可喺 M1 同一空間。,| 27 | M2 | 成本？ | v3 M2 | 純對話＋留低動作。 | CLEAN_AFTER_ATTACK：成本低，攻擊（「需要新場景」）站唔住，M2 可喺 M1 同一空間。 |
E,244,6. 角度 27：Production Complexity / Scope（製,6,FINDING,27,M3,v3 M3「外部隨機事件：保安巡邏險些撞見」；Brief L830-831；Outline L174-175；BS L375「輕量」；Bible L431,若系統潛入：新環境（學校夜景內部）、保安 NPC、巡邏 AI、視線錐、噪音系統、失敗＋段落重置、UI 提示；比 B1 更重（因為全部新）且價值最低（Outline／BS 係「輕量」＋「可觸發可唔觸發」）。若腳本引導：新環境加保安剪影加一段腳本，成本中。,FINDING（F-20，SHOULD_FIX；含 NEEDS_AUTHOR）見下,| 27 | M3 | 成本？ | v3 M3「外部隨機事件：保安巡邏險些撞見」；Brief L830-831；Outline L174-175；BS L375「輕量」；Bible L431 | 若系統潛入：新環境（學校夜景內部）、保安 NPC、巡邏 AI、視線錐、噪音系統、失敗＋段落重置、UI 提示；比 B1 更重（因為全部新）且價值最低（Outline／BS 係「輕量」＋「可觸發可唔觸發」）。若腳本引導：新環境加保安剪影加一段腳本，成本中。 | FINDING（F-20，SHOULD_FIX；含 NEEDS_AUTHOR）見下 |
E,245,6. 角度 27：Production Complexity / Scope（製,6,CLEAN_AFTER_ATTACK,27,M4,v3 M4；Outline L177,佈置基地：新環境（據點）加搬運動作加擺放；據點係之後多幕復用（Outline L177「後期據點洩露」）。,CLEAN_AFTER_ATTACK：攻擊「M4 純為一個 beat 做新環境」——據點係 Act II 洩露事件嘅場景，復用價值高；成本合理。,| 27 | M4 | 成本？ | v3 M4；Outline L177 | 佈置基地：新環境（據點）加搬運動作加擺放；據點係之後多幕復用（Outline L177「後期據點洩露」）。 | CLEAN_AFTER_ATTACK：攻擊「M4 純為一個 beat 做新環境」——據點係 Act II 洩露事件嘅場景，復用價值高；成本合理。 |
E,246,6. 角度 27：Production Complexity / Scope（製,6,CLEAN_AFTER_ATTACK,27,H1,v3 H1,一個特寫動畫（牙＋手），低成本，但係若要貼合 Stage 分層（角度 7 F-05）要多一個身體代價資產。,CLEAN_AFTER_ATTACK：攻擊「H1 成本高」站唔住，一個道具＋一段短動畫，價值／成本比最高之一。,| 27 | H1 | 成本？ | v3 H1 | 一個特寫動畫（牙＋手），低成本，但係若要貼合 Stage 分層（角度 7 F-05）要多一個身體代價資產。 | CLEAN_AFTER_ATTACK：攻擊「H1 成本高」站唔住，一個道具＋一段短動畫，價值／成本比最高之一。 |
E,247,6. 角度 27：Production Complexity / Scope（製,6,FINDING,27,全 demo,v3 全部；BS L39,至少 5 個環境（家、天台、戰場＋安全區、學校夜景、據點；M1／H1 位置未寫）；5 種玩法模式（戰鬥、潛行、天台對話、儀式、佈置）。,FINDING（F-21，SHOULD_FIX）見下,| 27 | 全 demo | 環境數目同玩法模式數目 | v3 全部；BS L39 | 至少 5 個環境（家、天台、戰場＋安全區、學校夜景、據點；M1／H1 位置未寫）；5 種玩法模式（戰鬥、潛行、天台對話、儀式、佈置）。 | FINDING（F-21，SHOULD_FIX）見下 |
E,248,6. 角度 27：Production Complexity / Scope（製,6,FINDING,27,全 demo,Brief L2220「先結算後演出」、L2231 M1 完成、L2233 M2 BeatTimeline 骨幹、L2234 M3 多重威脅、L2235 M4 敵人三拍攻擊＋anime cut-in（當時 pending）,B2／B5／B7 嘅演出依賴 M2–M4；現狀不明，若未完成，B2／B7 要用現有簡單窗口。,FINDING（F-23，NEEDS_AUTHOR）見下,| 27 | 全 demo | 戰鬥 Beat 重設進度（Brief L2205-2240） | Brief L2220「先結算後演出」、L2231 M1 完成、L2233 M2 BeatTimeline 骨幹、L2234 M3 多重威脅、L2235 M4 敵人三拍攻擊＋anime cut-in（當時 pending） | B2／B5／B7 嘅演出依賴 M2–M4；現狀不明，若未完成，B2／B7 要用現有簡單窗口。 | FINDING（F-23，NEEDS_AUTHOR）見下 |
E,287,7. 角度 12：Writing Execution / Draftabilit,6,FINDING,12,N1,Outline L70-79 Beat 0d（無台詞，純視覺，熱可可）；v3 N1（身體反應、倒影慢半拍）,「驚」冇錨（F-12），寫手只得「手震、冇胃口」呢類通用戰後反應，同一般「創傷後」鏡頭冇分別，寫唔出屬於晴香嘅動作。,FINDING（併入 F-12，角度 24）；另外「倒影慢半拍」要特製渲染（併入 F-21，角度 27）。呢格唔重複判。,| 12 | N1 | 無對白、純視覺嘅 beat，寫手有冇足夠具體嘅「做咩」？ | Outline L70-79 Beat 0d（無台詞，純視覺，熱可可）；v3 N1（身體反應、倒影慢半拍） | 「驚」冇錨（F-12），寫手只得「手震、冇胃口」呢類通用戰後反應，同一般「創傷後」鏡頭冇分別，寫唔出屬於晴香嘅動作。 | FINDING（併入 F-12，角度 24）；另外「倒影慢半拍」要特製渲染（併入 F-21，角度 27）。呢格唔重複判。 |
E,288,7. 角度 12：Writing Execution / Draftabilit,6,FINDING,12,N2,v3 N2（約束係否定句）；BS L189-227 天台,約束全部係「唔做」；冇寫呢個 beat 嘅「轉」（開始點、結束點）。寫手會寫成兩個人站住講。,FINDING（F-24，SHOULD_FIX）見下,| 12 | N2 | 「晴香唔講驚、美夜子功能性點出」寫手點落筆？ | v3 N2（約束係否定句）；BS L189-227 天台 | 約束全部係「唔做」；冇寫呢個 beat 嘅「轉」（開始點、結束點）。寫手會寫成兩個人站住講。 | FINDING（F-24，SHOULD_FIX）見下 |
E,289,7. 角度 12：Writing Execution / Draftabilit,6,CLEAN_AFTER_ATTACK,12,N3,BS L206「world-rule exposure：使命框架碎片化，未完整解釋守恆代價」；v3 N3 載體（選講乜／唔講乜）,一個 beat 要交付世界規則、體現「半真」、同時唔講穿，寫手易變成解說對白。,CLEAN_AFTER_ATTACK：攻擊「exposition dump」——BS L206 已經上限咗交付量（碎片化、不解釋守恆代價），N3 嘅「選擇唔講乜」亦等於寫手有一個清晰嘅取捨框架（講 A 唔講 B）；呢個 beat 反而係 SEQ2 最易落筆。,| 12 | N3 | 半真半假 briefing：exposition-dump 風險？ | BS L206「world-rule exposure：使命框架碎片化，未完整解釋守恆代價」；v3 N3 載體（選講乜／唔講乜） | 一個 beat 要交付世界規則、體現「半真」、同時唔講穿，寫手易變成解說對白。 | CLEAN_AFTER_ATTACK：攻擊「exposition dump」——BS L206 已經上限咗交付量（碎片化、不解釋守恆代價），N3 嘅「選擇唔講乜」亦等於寫手有一個清晰嘅取捨框架（講 A 唔講 B）；呢個 beat 反而係 SEQ2 最易落筆。 |
E,291,7. 角度 12：Writing Execution / Draftabilit,6,CLEAN_AFTER_ATTACK,12,B1,Outline L142；Bible L516；v3 B1,載體豐富（UI、屍骸、光）。,CLEAN_AFTER_ATTACK：攻擊「B1 太抽象」——全部係可見元素，Scene 層直接可寫；問題係玩法負載（角度 23 F-07），唔係寫作。,| 12 | B1 | 屍骸登場＋直播 UI＋「晴香仍驚」寫得出？ | Outline L142；Bible L516；v3 B1 | 載體豐富（UI、屍骸、光）。 | CLEAN_AFTER_ATTACK：攻擊「B1 太抽象」——全部係可見元素，Scene 層直接可寫；問題係玩法負載（角度 23 F-07），唔係寫作。 |
E,294,7. 角度 12：Writing Execution / Draftabilit,6,CLEAN_AFTER_ATTACK,12,B5–B6b,BS Scene 3–4；ayakomoji_misao.md,有 BS scene reference，已有具體事件。,CLEAN_AFTER_ATTACK：攻擊「冇依據」——BS L738-792 已經有 scene 級參考，寫手有路。,| 12 | B5–B6b | 寫手有冇足夠？ | BS Scene 3–4；ayakomoji_misao.md | 有 BS scene reference，已有具體事件。 | CLEAN_AFTER_ATTACK：攻擊「冇依據」——BS L738-792 已經有 scene 級參考，寫手有路。 |
E,295,7. 角度 12：Writing Execution / Draftabilit,6,CLEAN_AFTER_ATTACK,12,B7,BS Scene 4（身體擋＋裙子 line）；Brief L1745,已有上游參考。,CLEAN_AFTER_ATTACK：攻擊「冇依據」站唔住，BS Scene 4 已有。注意：具體裙子對白屬 Dialogue 層，Beat 層唔應再寫。,| 12 | B7 | 「問裙子」同「身體擋」寫得出？ | BS Scene 4（身體擋＋裙子 line）；Brief L1745 | 已有上游參考。 | CLEAN_AFTER_ATTACK：攻擊「冇依據」站唔住，BS Scene 4 已有。注意：具體裙子對白屬 Dialogue 層，Beat 層唔應再寫。 |
E,298,7. 角度 12：Writing Execution / Draftabilit,6,FINDING,12,M1,v3 M1、M2,M1 同 M2 之間冇動作，寫手易寫成規劃對白。,FINDING（F-25，NOTE）見下,| 12 | M1 | 資源耗盡＋三人手震：純對白風險？ | v3 M1、M2 | M1 同 M2 之間冇動作，寫手易寫成規劃對白。 | FINDING（F-25，NOTE）見下 |
E,301,7. 角度 12：Writing Execution / Draftabilit,6,CLEAN_AFTER_ATTACK,12,M4,Outline L177；v3 M4,「極輕」冇量化，寫手易寫過頭或冇。,CLEAN_AFTER_ATTACK：攻擊「極輕冇量度」——Outline L177 回收點係後期洩露，要求係「被忽視」，寫手寫到「讀完會當趣味」即達標；風險方向有清楚下限。,| 12 | M4 | 「暖峰＋極輕虛榮種子」寫手點平衡？ | Outline L177；v3 M4 | 「極輕」冇量化，寫手易寫過頭或冇。 | CLEAN_AFTER_ATTACK：攻擊「極輕冇量度」——Outline L177 回收點係後期洩露，要求係「被忽視」，寫手寫到「讀完會當趣味」即達標；風險方向有清楚下限。 |
E,302,7. 角度 12：Writing Execution / Draftabilit,6,CLEAN_AFTER_ATTACK,12,H1,v3 H1；Brief L139、L721,具體、有動作、有定位。,CLEAN_AFTER_ATTACK：攻擊「含糊（細牙？搞笑？）」——位置喺 M4 暖峰之後（Brief L139「甜下見黑」），冇搞笑語境；寫手有明確動作鏈（跌→收→冇人見）。,| 12 | H1 | 「牙跌、收埋、冇人見」寫手有冇足夠？ | v3 H1；Brief L139、L721 | 具體、有動作、有定位。 | CLEAN_AFTER_ATTACK：攻擊「含糊（細牙？搞笑？）」——位置喺 M4 暖峰之後（Brief L139「甜下見黑」），冇搞笑語境；寫手有明確動作鏈（跌→收→冇人見）。 |
